-- MySQL dump 10.13  Distrib 5.7.15, for Linux (x86_64)
--
-- Host: localhost    Database: loreal
-- ------------------------------------------------------
-- Server version	5.7.13-0ubuntu0.16.04.2

/*!40101 SET @OLD_CHARACTER_SET_CLIENT=@@CHARACTER_SET_CLIENT */;
/*!40101 SET @OLD_CHARACTER_SET_RESULTS=@@CHARACTER_SET_RESULTS */;
/*!40101 SET @OLD_COLLATION_CONNECTION=@@COLLATION_CONNECTION */;
/*!40101 SET NAMES utf8 */;
/*!40103 SET @OLD_TIME_ZONE=@@TIME_ZONE */;
/*!40103 SET TIME_ZONE='+00:00' */;
/*!40014 SET @OLD_UNIQUE_CHECKS=@@UNIQUE_CHECKS, UNIQUE_CHECKS=0 */;
/*!40014 SET @OLD_FOREIGN_KEY_CHECKS=@@FOREIGN_KEY_CHECKS, FOREIGN_KEY_CHECKS=0 */;
/*!40101 SET @OLD_SQL_MODE=@@SQL_MODE, SQL_MODE='NO_AUTO_VALUE_ON_ZERO' */;
/*!40111 SET @OLD_SQL_NOTES=@@SQL_NOTES, SQL_NOTES=0 */;

--
-- Table structure for table `advisors`
--

DROP TABLE IF EXISTS `advisors`;
/*!40101 SET @saved_cs_client     = @@character_set_client */;
/*!40101 SET character_set_client = utf8 */;
CREATE TABLE `advisors` (
  `id` int(10) unsigned NOT NULL AUTO_INCREMENT,
  `door_id` int(10) unsigned NOT NULL,
  `name` varchar(255) COLLATE utf8_unicode_ci NOT NULL,
  `phone` varchar(255) COLLATE utf8_unicode_ci NOT NULL,
  `username` varchar(255) COLLATE utf8_unicode_ci NOT NULL,
  `password` varchar(255) COLLATE utf8_unicode_ci NOT NULL,
  `day_off` tinyint(4) NOT NULL,
  `title` tinyint(4) NOT NULL,
  `api_token` varchar(60) COLLATE utf8_unicode_ci NOT NULL,
  PRIMARY KEY (`id`),
  UNIQUE KEY `advisors_api_token_unique` (`api_token`),
  KEY `advisors_door_id_foreign` (`door_id`),
  CONSTRAINT `advisors_door_id_foreign` FOREIGN KEY (`door_id`) REFERENCES `doors` (`id`) ON DELETE CASCADE
) ENGINE=InnoDB AUTO_INCREMENT=74 DEFAULT CHARSET=utf8 COLLATE=utf8_unicode_ci;
/*!40101 SET character_set_client = @saved_cs_client */;

--
-- Dumping data for table `advisors`
--

LOCK TABLES `advisors` WRITE;
/*!40000 ALTER TABLE `advisors` DISABLE KEYS */;
INSERT INTO `advisors` VALUES (71,135,'Mohamed Hussein ','+201121759776','mhussein','12345',4,1,'7RvaEbLk2hvD0XStaKtS4d990W0yI4LI9L16jV41'),(72,136,'Omar lashin','01284049998','Olashin','12345',4,1,'k4jkB39BQ0wXRxseKB3kdVg9mW7G6D3Vb1fGM4BX'),(73,131,'dina','01004817800','delshaer','12345',4,1,'tEwVjCeVEhC7VK8IX3b4zhqB2USuLwN3qnvF37F7');
/*!40000 ALTER TABLE `advisors` ENABLE KEYS */;
UNLOCK TABLES;

--
-- Table structure for table `attendance`
--

DROP TABLE IF EXISTS `attendance`;
/*!40101 SET @saved_cs_client     = @@character_set_client */;
/*!40101 SET character_set_client = utf8 */;
CREATE TABLE `attendance` (
  `id` int(10) unsigned NOT NULL AUTO_INCREMENT,
  `door_id` int(10) unsigned NOT NULL,
  `advisor_id` int(10) unsigned DEFAULT NULL,
  `login_time` timestamp NOT NULL DEFAULT CURRENT_TIMESTAMP ON UPDATE CURRENT_TIMESTAMP,
  `logout_time` timestamp NULL DEFAULT NULL,
  `sign_in_range` varchar(255) COLLATE utf8_unicode_ci NOT NULL DEFAULT '-1',
  `sign_out_range` varchar(255) COLLATE utf8_unicode_ci NOT NULL DEFAULT '-1',
  PRIMARY KEY (`id`),
  KEY `attendance_door_id_foreign` (`door_id`),
  KEY `attendance_advisor_id_foreign` (`advisor_id`),
  CONSTRAINT `attendance_advisor_id_foreign` FOREIGN KEY (`advisor_id`) REFERENCES `advisors` (`id`) ON DELETE SET NULL,
  CONSTRAINT `attendance_door_id_foreign` FOREIGN KEY (`door_id`) REFERENCES `doors` (`id`) ON DELETE CASCADE
) ENGINE=InnoDB AUTO_INCREMENT=73 DEFAULT CHARSET=utf8 COLLATE=utf8_unicode_ci;
/*!40101 SET character_set_client = @saved_cs_client */;

--
-- Dumping data for table `attendance`
--

LOCK TABLES `attendance` WRITE;
/*!40000 ALTER TABLE `attendance` DISABLE KEYS */;
INSERT INTO `attendance` VALUES (20,129,NULL,'2016-08-21 20:29:12','2016-08-22 02:29:12','-1','-1'),(21,129,NULL,'2016-08-21 23:51:19','2016-08-22 05:51:19','-1','-1'),(22,129,NULL,'2016-08-22 00:29:37','2016-08-22 06:29:37','-1','-1'),(23,129,NULL,'2016-08-22 10:12:15','2016-08-22 16:12:15','-1','-1'),(24,129,NULL,'2016-08-22 12:06:39','2016-08-22 18:06:39','-1','-1'),(25,129,NULL,'2016-08-22 12:11:24','2016-08-22 18:11:24','-1','-1'),(26,129,NULL,'2016-08-22 12:12:38','2016-08-22 18:12:38','-1','-1'),(27,129,NULL,'2016-08-22 12:20:00','2016-08-22 18:20:00','-1','-1'),(28,129,NULL,'2016-08-22 12:33:37','2016-08-22 18:33:37','-1','-1'),(29,129,NULL,'2016-08-23 10:03:41','2016-08-23 16:03:41','-1','-1'),(30,133,NULL,'2016-08-23 13:55:44',NULL,'-1','-1'),(31,129,NULL,'2016-08-24 08:12:22','2016-08-24 14:12:22','-1','-1'),(32,129,NULL,'2016-08-26 01:48:22','2016-08-26 07:48:22','-1','-1'),(33,129,NULL,'2016-08-26 01:49:27','2016-08-26 07:49:27','-1','-1'),(34,129,NULL,'2016-08-30 11:37:18','2016-08-30 17:37:18','-1','-1'),(35,129,NULL,'2016-08-30 14:00:53','2016-08-30 20:00:53','-1','-1'),(36,129,NULL,'2016-08-30 15:32:18','2016-08-30 21:32:18','-1','-1'),(37,129,NULL,'2016-08-30 16:22:06','2016-08-30 22:22:06','-1','-1'),(38,129,NULL,'2016-08-30 16:34:03','2016-08-30 22:34:03','-1','-1'),(39,129,NULL,'2016-08-31 10:16:32','2016-08-31 16:16:32','-1','-1'),(40,129,NULL,'2016-08-31 16:16:32',NULL,'-1','-1'),(41,135,71,'2016-09-15 14:53:45','2016-09-15 20:53:45','-1','-1'),(42,136,72,'2016-09-01 04:43:56','2016-09-01 10:43:56','-1','-1'),(43,136,72,'2016-09-01 08:43:22','2016-09-01 14:43:22','-1','-1'),(44,136,72,'2016-09-01 08:48:24','2016-09-01 14:48:24','-1','-1'),(45,136,72,'2016-09-03 11:18:28','2016-09-03 17:18:28','-1','-1'),(46,131,73,'2016-09-02 17:01:52','2016-09-02 23:00:18','0','0'),(47,131,73,'2016-09-03 23:54:55','2016-09-02 23:01:38','0','0'),(48,131,73,'2016-09-03 23:54:55','2016-09-02 23:01:52','0','0'),(49,131,73,'2016-09-03 23:56:02','2016-09-03 17:26:06','0','0'),(50,131,73,'2016-09-03 23:56:02','2016-09-04 05:54:55','0','0'),(51,131,73,'2016-09-03 23:56:02','2016-09-04 05:56:02','0','0'),(52,131,73,'2016-09-04 12:28:45','2016-09-04 18:28:45','0','-1'),(53,136,72,'2016-09-04 11:20:18','2016-09-04 17:20:18','-1','-1'),(54,136,72,'2016-09-04 11:36:28','2016-09-04 17:36:28','-1','-1'),(55,131,73,'2016-09-04 12:43:40','2016-09-04 18:43:40','-1','-1'),(56,131,73,'2016-09-04 13:34:12','2016-09-04 19:34:12','-1','-1'),(57,131,73,'2016-09-04 14:13:25','2016-09-04 20:13:25','-1','-1'),(58,131,73,'2016-09-04 17:09:30','2016-09-04 23:09:30','-1','-1'),(59,131,73,'2016-09-06 17:51:12','2016-09-06 23:51:12','-1','-1'),(60,131,73,'2016-09-06 18:02:46','2016-09-07 00:02:46','-1','-1'),(61,131,73,'2016-09-07 12:18:46','2016-09-07 18:18:46','-1','-1'),(62,131,73,'2016-09-07 12:46:26','2016-09-07 18:46:26','-1','-1'),(63,131,73,'2016-09-07 12:49:25','2016-09-07 18:49:25','-1','-1'),(64,131,73,'2016-09-07 13:29:51','2016-09-07 19:29:51','-1','-1'),(65,131,73,'2016-09-07 15:42:08','2016-09-07 21:42:08','-1','-1'),(66,131,73,'2016-09-08 12:57:03','2016-09-08 18:57:03','-1','-1'),(67,131,73,'2016-09-08 18:57:18',NULL,'-1','-1'),(68,136,72,'2016-09-19 12:14:13','2016-09-19 18:14:13','-1','-1'),(69,135,71,'2016-09-20 11:47:38','2016-09-20 17:47:38','-1','-1'),(70,136,72,'2016-09-20 14:56:16',NULL,'-1','-1'),(71,135,71,'2016-09-20 20:35:37','2016-09-21 02:35:37','-1','-1'),(72,135,71,'2016-09-21 02:35:37',NULL,'-1','-1');
/*!40000 ALTER TABLE `attendance` ENABLE KEYS */;
UNLOCK TABLES;

--
-- Table structure for table `categories`
--

DROP TABLE IF EXISTS `categories`;
/*!40101 SET @saved_cs_client     = @@character_set_client */;
/*!40101 SET character_set_client = utf8 */;
CREATE TABLE `categories` (
  `id` int(10) unsigned NOT NULL AUTO_INCREMENT,
  `parent_id` int(10) unsigned DEFAULT NULL,
  `brand` tinyint(3) unsigned NOT NULL,
  `name` varchar(255) COLLATE utf8_unicode_ci NOT NULL,
  `image` varchar(255) COLLATE utf8_unicode_ci NOT NULL,
  PRIMARY KEY (`id`),
  KEY `categories_parent_id_foreign` (`parent_id`),
  CONSTRAINT `categories_parent_id_foreign` FOREIGN KEY (`parent_id`) REFERENCES `categories` (`id`) ON DELETE CASCADE
) ENGINE=InnoDB AUTO_INCREMENT=38 DEFAULT CHARSET=utf8 COLLATE=utf8_unicode_ci;
/*!40101 SET character_set_client = @saved_cs_client */;

--
-- Dumping data for table `categories`
--

LOCK TABLES `categories` WRITE;
/*!40000 ALTER TABLE `categories` DISABLE KEYS */;
INSERT INTO `categories` VALUES (10,NULL,2,'Face','57ba1437662ce.jpg'),(11,NULL,2,'Eyes','57ba142924d7d.jpg'),(12,NULL,2,'Lips','57ba14026fc5b.jpg'),(13,NULL,2,'Nails','57ba13f7cc973.jpg'),(14,10,2,'Foundation','57ba13ec7a40d.jpg'),(15,10,2,'Powder','57ba13e0956b7.jpg'),(16,10,2,'Blush','57ba13d11c6c1.jpg'),(17,10,2,'Concealers','57ba13c68cf90.jpg'),(18,10,2,'BB','57ba13ba9aa3f.jpg'),(19,11,2,'Brow','57ba13ac71b54.jpg'),(20,11,2,'Mascara','57ba13a0e6263.jpg'),(22,11,2,'Eye Shadows','57ba128760644.jpg'),(23,13,2,'Nails','57baee81642b0.jpg'),(24,12,2,'lips','57baee9292194.jpg'),(26,13,2,'Nail Polish','57ca994f80c8d.png'),(27,NULL,1,'FACE','57caa3abb6712.jpg'),(28,NULL,1,'EYES','57caa3d7c3ebf.jpg'),(29,NULL,1,'LIPS','57caa4019ca97.jpg'),(30,27,1,'Foundation','57caad19dd4ff.jpg'),(31,27,1,'Powder','57cb0940e65a8.jpg'),(32,27,1,'Concealer ','57cb0bcd5bf9a.jpg'),(33,27,1,'Blush','57cb10b271783.jpg'),(34,28,1,'Mascaras','57cb17f3bf1c9.jpg'),(35,28,1,'Eye Liners','57cb18457b3ab.jpg'),(36,28,1,'Brows','57cb18e858354.jpg'),(37,28,1,'Eye Shadows','57cb1928ba9f9.png');
/*!40000 ALTER TABLE `categories` ENABLE KEYS */;
UNLOCK TABLES;

--
-- Table structure for table `complains`
--

DROP TABLE IF EXISTS `complains`;
/*!40101 SET @saved_cs_client     = @@character_set_client */;
/*!40101 SET character_set_client = utf8 */;
CREATE TABLE `complains` (
  `id` int(10) unsigned NOT NULL AUTO_INCREMENT,
  `door_id` int(10) unsigned NOT NULL,
  `advisor_id` int(10) unsigned NOT NULL,
  `comment` text COLLATE utf8_unicode_ci NOT NULL,
  `date` date NOT NULL,
  `type` tinyint(3) unsigned NOT NULL DEFAULT '1',
  `image` text COLLATE utf8_unicode_ci NOT NULL,
  PRIMARY KEY (`id`),
  KEY `complains_door_id_foreign` (`door_id`),
  KEY `complains_advisor_id_foreign` (`advisor_id`),
  CONSTRAINT `complains_advisor_id_foreign` FOREIGN KEY (`advisor_id`) REFERENCES `advisors` (`id`) ON DELETE CASCADE,
  CONSTRAINT `complains_door_id_foreign` FOREIGN KEY (`door_id`) REFERENCES `doors` (`id`) ON DELETE CASCADE
) ENGINE=InnoDB AUTO_INCREMENT=23 DEFAULT CHARSET=utf8 COLLATE=utf8_unicode_ci;
/*!40101 SET character_set_client = @saved_cs_client */;

--
-- Dumping data for table `complains`
--

LOCK TABLES `complains` WRITE;
/*!40000 ALTER TABLE `complains` DISABLE KEYS */;
INSERT INTO `complains` VALUES (22,131,73,'jfjdkddhffk\n','2016-09-04',1,'/9j/4AAQSkZJRgABAQAAAQABAAD/2wBDAA0JCgsKCA0LCgsODg0PEyAVExISEyccHhcgLikxMC4p\nLSwzOko+MzZGNywtQFdBRkxOUlNSMj5aYVpQYEpRUk//2wBDAQ4ODhMREyYVFSZPNS01T09PT09P\nT09PT09PT09PT09PT09PT09PT09PT09PT09PT09PT09PT09PT09PT09PT0//wAARCAJYBAADASIA\nAhEBAxEB/8QAHwAAAQUBAQEBAQEAAAAAAAAAAAECAwQFBgcICQoL/8QAtRAAAgEDAwIEAwUFBAQA\nAAF9AQIDAAQRBRIhMUEGE1FhByJxFDKBkaEII0KxwRVS0fAkM2JyggkKFhcYGRolJicoKSo0NTY3\nODk6Q0RFRkdISUpTVFVWV1hZWmNkZWZnaGlqc3R1dnd4eXqDhIWGh4iJipKTlJWWl5iZmqKjpKWm\np6ipqrKztLW2t7i5usLDxMXGx8jJytLT1NXW19jZ2uHi4+Tl5ufo6erx8vP09fb3+Pn6/8QAHwEA\nAwEBAQEBAQEBAQAAAAAAAAECAwQFBgcICQoL/8QAtREAAgECBAQDBAcFBAQAAQJ3AAECAxEEBSEx\nBhJBUQdhcRMiMoEIFEKRobHBCSMzUvAVYnLRChYkNOEl8RcYGRomJygpKjU2Nzg5OkNERUZHSElK\nU1RVVldYWVpjZGVmZ2hpanN0dXZ3eHl6goOEhYaHiImKkpOUlZaXmJmaoqOkpaanqKmqsrO0tba3\nuLm6wsPExcbHyMnK0tPU1dbX2Nna4uPk5ebn6Onq8vP09fb3+Pn6/9oADAMBAAIRAxEAPwDzCpIY\nZbiVYoI2kkbgKoyTUda+lF00jUpbb/j5AQZH3hGSd2P0oAq3WlX9pF5txbOkecFuCAffHSqVa/ho\nudSMTc2zxsLgH7uzB5NZJxk46UAW7Wx82E3E8qwwA43NySfQDvTJIbcyFYJyw7Flxmty3ijedEkR\nTDFaqykruAJIydvekS3hzd2y2vlsZJCsrIGRQB0yelbOKWhipt6nOsrIxVhgim1oar8yWkjffeAb\nvfk4rPrOSs7GkXdXCiiipKCiiigAooooAKKKKACiiigAooooAKKKKACiiigAooooAKKKKACiiigA\nooooAKKKKACiiigAooooAKKKKACiiigAooooAKKKKACiiigAooooAKKKKACiiigAooooAKKKKACi\niigAooooAKKKKACiiigAooooAKKKKACiiigAooooAKKKKACiiigAooooAKKKKACiiigAooooAKKK\nKACiiigAooooAKKKKACiiigAooooAKKKKACiiigAooooAKKKKACiiigAooooAuwae7xiWd1hj9W6\nmpPslg3CXuG9xxWnod1bTPumtHv9SZtsELACMDHX09a6KT+2PLb7RY6VdxqPntoj86j2zxQBwV1Z\nTW2CwDIejryDUlnaRTwGR2YFScgfxDHb3qfV7q0MrR6X5qWsgDNFIPuNnkD26VTitp2hWZQRF5mz\ndnoaTTexdOUYu8lcgI5OKutZRjRVvdzeYZdmO2MH/CtSwsUsteMO7zV8ksCw9RVe648PYH/P0f60\nyCnpmlz6kZTE8UccKhpJZW2quemTVv8A4R8/9BfSv+/5/wAKm8PgHStQVgCDPagg9/nNej+Rbf8A\nPvD/AN8CgDzMeHiTj+1tK/7/AJ/wrOv7GfTrt7a5ADrg5U5BB6EGu18fRQppEBjijU+eBlVAP3TW\nT4ySEQaTIgUTNb4cjqQAuM/rQBztva3F0xW2glmYDJEaFiPyqN0eNykisrKcFWGCK0NOupWgOn/b\nY7OFn81pCG5IGACV5xVzxBLEmqL9phNwv2NESXzNvmnbgS5Gc/T2oAyI7K7lhM0VrM8S9XWMlR+N\nJBa3FyWFtBLKV6+WhbH5VvaFdTXd/YtLqSW4tSkcduuQZQOw/hyenJ70ljdWkFtqiXVzNZSzXK/J\nCuXUAsSByO5x1oAwJoJrd9k8UkT4ztdSpx+NR1o63bPb3UbNdPdRTRLLFK+clDnrnoQQa0L/AEm2\nie+jS0uYFtkLJcO+UcjHHI79sGgDnqK3r/RYYdcjt4WcWjgszsclFXO/8sE/iKzdWt47TVbq3h3e\nXHIVXccnFAFOpra5mtJhNbyGNx3FfQn/AAjmg/8AQE03/wABI/8ACj/hHNB/6Amm/wDgJH/hQB4W\nviG/RwVECpn540hVVkHcNgc1nXLxSXDvBGYo2OQhOdvtX0L/AMI5oP8A0BNN/wDASP8Awo/4RzQf\n+gJpv/gJH/hQB4Ra3sbwJDcSyQyRgiOdOoHofanILWAMZdReaNjloo8jeffNe6/8I5oP/QE03/wE\nj/wo/wCEc0H/AKAmm/8AgJH/AIVfP3Rn7Psz59vblru4MpAUYwqjooHQVXr6K/4RzQf+gJpv/gJH\n/hR/wjmg/wDQE03/AMBI/wDCpbu7stJJWR860V9Ff8I5oP8A0BNN/wDASP8Awo/4RzQf+gJpv/gJ\nH/hSGfOtFfRX/COaD/0BNN/8BI/8KP8AhHNB/wCgJpv/AICR/wCFAHzrRX0V/wAI5oP/AEBNN/8A\nASP/AAo/4RzQf+gJpv8A4CR/4UAfOtFfRX/COaD/ANATTf8AwEj/AMKP+Ec0H/oCab/4CR/4UAfO\ntFfRX/COaD/0BNN/8BI/8KP+Ec0H/oCab/4CR/4UAfOtFfRX/COaD/0BNN/8BI/8KP8AhHNB/wCg\nJpv/AICR/wCFAHzrRX0V/wAI5oP/AEBNN/8AASP/AAo/4RzQf+gJpv8A4CR/4UAfOtFfRX/COaD/\nANATTf8AwEj/AMKP+Ec0H/oCab/4CR/4UAfOtFfRX/COaD/0BNN/8BI/8KP+Ec0H/oCab/4CR/4U\nAfOtFfRX/COaD/0BNN/8BI/8KP8AhHNB/wCgJpv/AICR/wCFAHzrRX0V/wAI5oP/AEBNN/8AASP/\nAAo/4RzQf+gJpv8A4CR/4UAfOtFfRX/COaD/ANATTf8AwEj/AMKP+Ec0H/oCab/4CR/4UAfOtFfR\nX/COaD/0BNN/8BI/8KP+Ec0H/oCab/4CR/4UAfOtFfRX/COaD/0BNN/8BI/8KP8AhHNB/wCgJpv/\nAICR/wCFAHzrRX0V/wAI5oP/AEBNN/8AASP/AAo/4RzQf+gJpv8A4CR/4UAfOtFfRX/COaD/ANAT\nTf8AwEj/AMKP+Ec0H/oCab/4CR/4UAfOtFfRX/COaD/0BNN/8BI/8KP+Ec0H/oCab/4CR/4UAfOt\nFfRX/COaD/0BNN/8BI/8KP8AhHNB/wCgJpv/AICR/wCFAHzrRX0V/wAI5oP/AEBNN/8AASP/AAo/\n4RzQf+gJpv8A4CR/4UAfOtFfRX/COaD/ANATTf8AwEj/AMKP+Ec0H/oCab/4CR/4UAfOtFfRX/CO\naD/0BNN/8BI/8KP+Ec0H/oCab/4CR/4UAfOtFfRX/COaD/0BNN/8BI/8KP8AhHNB/wCgJpv/AICR\n/wCFAHzrRX0V/wAI5oP/AEBNN/8AASP/AAo/4RzQf+gJpv8A4CR/4UAfOtFfRX/COaD/ANATTf8A\nwEj/AMKP+Ec0H/oCab/4CR/4UAfOtFfRX/COaD/0BNN/8BI/8KP+Ec0H/oCab/4CR/4UAfOtFfRX\n/COaD/0BNN/8BI/8KP8AhHNB/wCgJpv/AICR/wCFAHzrRX0V/wAI5oP/AEBNN/8AASP/AAo/4RzQ\nf+gJpv8A4CR/4UAfOtFfRX/COaD/ANATTf8AwEj/AMKP+Ec0H/oCab/4CR/4UAfOtFfRX/COaD/0\nBNN/8BI/8KP+Ec0H/oCab/4CR/4UAfOtFfRX/COaD/0BNN/8BI/8KP8AhHNB/wCgJpv/AICR/wCF\nAHzrRX0V/wAI5oP/AEBNN/8AASP/AAo/4RzQf+gJpv8A4CR/4UAfOtFfRX/COaD/ANATTf8AwEj/\nAMKP+Ec0H/oCab/4CR/4UAfOtFfRX/COaD/0BNN/8BI/8KP+Ec0H/oCab/4CR/4UAfOtFfRX/COa\nD/0BNN/8BI/8KP8AhHNB/wCgJpv/AICR/wCFAHzrRX0V/wAI5oP/AEBNN/8AASP/AAo/4RzQf+gJ\npv8A4CR/4UAfOtFfRX/COaD/ANATTf8AwEj/AMKP+Ec0H/oCab/4CR/4UAfOtFfRX/COaD/0BNN/\n8BI/8KP+Ec0H/oCab/4CR/4UAfOtFfRX/COaD/0BNN/8BI/8KP8AhHNB/wCgJpv/AICR/wCFAHzr\nRX0V/wAI5oP/AEBNN/8AASP/AAo/4RzQf+gJpv8A4CR/4UAfOtFfRX/COaD/ANATTf8AwEj/AMKP\n+Ec0H/oCab/4CR/4UAfOtFfRX/COaD/0BNN/8BI/8KP+Ec0H/oCab/4CR/4UAfOtFfRX/COaD/0B\nNN/8BI/8KP8AhHNB/wCgJpv/AICR/wCFAHzrRX0V/wAI5oP/AEBNN/8AASP/AAo/4RzQf+gJpv8A\n4CR/4UAfOtFfRX/COaD/ANATTf8AwEj/AMKP+Ec0H/oCab/4CR/4UAfOtFfRX/COaD/0BNN/8BI/\n8KP+Ec0H/oCab/4CR/4UAfOtFfRX/COaD/0BNN/8BI/8KP8AhHNB/wCgJpv/AICR/wCFAHzrRX0V\n/wAI5oP/AEBNN/8AASP/AAo/4RzQf+gJpv8A4CR/4UAfOtFfRX/COaD/ANATTf8AwEj/AMKP+Ec0\nH/oCab/4CR/4UAfOtFfRX/COaD/0BNN/8BI/8KP+Ec0H/oCab/4CR/4UAfOtFfRX/COaD/0BNN/8\nBI/8KP8AhHNB/wCgJpv/AICR/wCFAHzrRX0V/wAI5oP/AEBNN/8AASP/AAo/4RzQf+gJpv8A4CR/\n4UAfPEMskEqywyNG69GU4IrbvL3TE0m1bTTNFqX/AC2kDMCcj5snvk17Z/wjmg/9ATTf/ASP/Cj/\nAIRzQf8AoCab/wCAkf8AhQB861cjv2j0/wCyBBjzfM3Z+nH6V79/wjmg/wDQE03/AMBI/wDCj/hH\nNB/6Amm/+Akf+FAHhP8AbLf2n9s8kf6vZtzVeS+aTT/shQD975m7P14/Wvfv+Ec0H/oCab/4CR/4\nUf8ACOaD/wBATTf/AAEj/wAKAPBdL1JbFLiGa2W4t7gAPGWKnIOQQR061f8A7esv+gbP/wCBz/4V\n7X/wjmg/9ATTf/ASP/Cj/hHNB/6Amm/+Akf+FAHiMms6dKAJdIkkAOQGvHP9Kz9Tv31G8Nw8axja\nFVF6KoGAK9+/4RzQf+gJpv8A4CR/4Uf8I5oP/QE03/wEj/woA8Gsr+1SyNnfWXnx+Z5ivG+x1OMY\nzg5HtS3epQ3dzvmsx5McHkQRLIR5eB8pJ74Jz717x/wjmg/9ATTf/ASP/Cj/AIRzQf8AoCab/wCA\nkf8AhQB4dDq9mDbTXGm+ZdWyqqOkuxH29Cy45P0IzUMGpwuLlNStPtC3EvnFkbY6tznBweOele7/\nAPCOaD/0BNN/8BI/8KP+Ec0H/oCab/4CR/4UAeBapf8A2+aMpEIYYYxFFGG3bVHqe55NN1K+e/vZ\nZyGVZG3BC2Qte/8A/COaD/0BNN/8BI/8KP8AhHNB/wCgJpv/AICR/wCFAHhlzrjzx3qCAL9pfcrb\nsmMHG4DjvtX8veqOo3X27UJ7rZs85y+3OcZ96+gf+Ec0H/oCab/4CR/4Uf8ACOaD/wBATTf/AAEj\n/wAKANOiiigAooooAKKKKACiiigAooooAKKKKACiiigAooooAKKKKACiiigAooooAKKKKACiiigA\nooooAKKKKACiiigAooooAKKKKACiiigAooooAKKKKACiiigAooooAKKKKACiiigAooooAKKKKACi\niigAooooAKKKKACiiigAooooAKKKKACiiigAooooAKKKKACiiigAooooAKKKKACiiigAooooAKKK\nKACiiigAooooAKKKKACiiigAooooAKKKKACiiigAooooAKKKKACiiigAooooAKKKKACiiigAoooo\nAKKKKACiiigAooooAKKKKACiiigAooooAKKKKACiiigAooooAKKKKACiiigAooooAKKKKACiiigA\nooooAKKKKACiiigAooooAKKKKACiiigAooooAKKKKACiiigAooooAKKKKACiiigAooooAKKKKACi\niigAooooAKKKKACiiigAooooAKKKKACiiigAooooAKKKKACg9KKD0NAGF4KnmufCdhNczSTSurbn\nkYsx+dupNSRfabbXtXu7mSb7CtvE0YLEoCA+/aOmeBms3wPqVhB4RsIpr62jkVXyryqCPnbsTXR3\nkIvNPngVhieJkDDpyMZ/WgDmtIsb/wARWK6vqOrX9stz88FtaTeUsUeflyQMscc1a0e8vLDV7zRN\nSuHuxDALq3ncDe8ecENjgkHv71F4S1iyg0ODTb+4itL2wXyJoZnCEbeARnqCMHNR2cyax4n1DVrQ\n77K2sTaRzD7srltzFT3A4FAGhpnii01V4PsVpeyRyqC03lDy4jjOGbOM/TNZtx4htJ9Sgv2k1NdL\nt2KCaKIrbu5ONzsDllHTpj61J4Yt2f4b28FqoEktm4XHHzHd/U1iaTbW174UitrzxXJawiHyZ7WQ\nQr5RAwynK5/rQB2+pamthHEwtbu6aUkKltFvP1PQAfU1Xsdag1S1vRBHcW9xagrLDOmx4yRkd+/s\nay72+uLfVrLRIdTjsLZbES/anVS0pB27Ru+UcDJ471V8NSCXWvE7LfPfKIoALhlUb8K442gAgdMj\n0oA2vB081z4T02a4leWV4cs8jFmY5PUnrW1WD4H/AORN0v8A64j+ZreoAKKKKACiiigAooooAKKK\nKACiiigAooooAKKKKACiiigAooooAKKKKACiiigAooooAKKKKACiiigAooooAKKKKACiiigAoooo\nAKKKKACiiigAooooAKKKKACiiigAooooAKKKKACiiigAooooAKKKKACiiigAooooAKKKKACiiigA\nooooAKKKKACiiigAooooAKKKKACiiigAooooAKKKKACiiigAooooAKKKKACiiigAooooAKKKKACi\niigAooooAKKKKACiiigAooooAKKKKACiiigAooooAKKKKACiiigAooooAKKKKACiiigDM/4R3Qic\nnRNN/wDAVP8ACtJVVFCoAqqMAAYAFLRQBVutN0+9cPeWNtcMvQyxK5H5ip0ijjiESRosYGAgXAA9\nMU+igCOCCG2hWG3iSKJBhURQqqPYCq8ulabPcfaJtPtJJ/8Ano8KlvzIzVyigCvdWNneqq3lpBcK\nvKiWMOB9M06O0toixit4kLqEYqgG5RnAPsMn86mooAjgghtoVht4kiiQYVEUKqj2AqSiigAooooA\nKKKKACiiigAooooAKKKKACiiigAooooAKKKKACiiigAooooAKKKKACiiigAooooAKKKKACiiigAo\noooAKKKKACiiigAooooAKKKKACiiigAooooAKKKKACiiigAooooAKKKKACiiigAooooAKKKKACiv\nnb/hI9e/6Depf+Bcn+NH/CR69/0G9S/8CpP8aAPomivnb/hI9e/6Depf+BUn+NH/AAkevf8AQb1L\n/wACpP8AGgD6Jor52/4SPXv+g3qX/gVJ/jR/wkevf9BvUv8AwKk/xoA+iaK+dv8AhI9e/wCg3qX/\nAIFSf40f8JHr3/Qb1L/wKk/xoA+iaK+dv+Ej17/oN6l/4FSf40f8JHr3/Qb1L/wKk/xoA+iaK+dv\n+Ej17/oN6l/4FSf40f8ACR69/wBBvUv/AAKk/wAaAPomivnb/hI9e/6Depf+BUn+NH/CR69/0G9S\n/wDAqT/GgD6Jor52/wCEj17/AKDepf8AgVJ/jR/wkevf9BvUv/AqT/GgD6Jor52/4SPXv+g3qX/g\nVJ/jR/wkevf9BvUv/AqT/GgD6Jor52/4SPXv+g3qX/gVJ/jR/wAJHr3/AEG9S/8AAqT/ABoA+iaK\n+dv+Ej17/oN6l/4FSf40f8JHr3/Qb1L/AMCpP8aAPomivnb/AISPXv8AoN6l/wCBUn+NH/CR69/0\nG9S/8CpP8aAPomivnb/hI9e/6Depf+BUn+NH/CR69/0G9S/8CpP8aAPomivnb/hI9e/6Depf+BUn\n+NH/AAkevf8AQb1L/wACpP8AGgD6Jor52/4SPXv+g3qX/gVJ/jR/wkevf9BvUv8AwKk/xoA+iaK+\ndv8AhI9e/wCg3qX/AIFSf40f8JHr3/Qb1L/wKk/xoA+iaK+eIvEWvGVAdb1IjcP+Xp/8a0P7e1r/\nAKDGof8AgS/+NAHu9FeEf29rX/QY1D/wJf8Axo/t7Wv+gxqH/gS/+NAHu9FeEf29rX/QY1D/AMCX\n/wAaP7e1r/oMah/4Ev8A40Ae70V4R/b2tf8AQY1D/wACX/xo/t7Wv+gxqH/gS/8AjQB7vRXhH9va\n1/0GNQ/8CX/xo/t7Wv8AoMah/wCBL/40Ae70V4R/b2tf9BjUP/Al/wDGj+3ta/6DGof+BL/40Ae7\n0V4R/b2tf9BjUP8AwJf/ABo/t7Wv+gxqH/gS/wDjQB7vRXhH9va1/wBBjUP/AAJf/Gj+3ta/6DGo\nf+BL/wCNAHu9FeEf29rX/QY1D/wJf/Gj+3ta/wCgxqH/AIEv/jQB7vRXhH9va1/0GNQ/8CX/AMaP\n7e1r/oMah/4Ev/jQB7vRXhH9va1/0GNQ/wDAl/8AGj+3ta/6DGof+BL/AONAHu9FeEf29rX/AEGN\nQ/8AAl/8aP7e1r/oMah/4Ev/AI0Ae70V4R/b2tf9BjUP/Al/8aP7e1r/AKDGof8AgS/+NAHu9FeE\nf29rX/QY1D/wJf8Axo/t7Wv+gxqH/gS/+NAHu9FeEf29rX/QY1D/AMCX/wAaP7e1r/oMah/4Ev8A\n40Ae70V4R/b2tf8AQY1D/wACX/xo/t7Wv+gxqH/gS/8AjQB7vRXhH9va1/0GNQ/8CX/xo/t7Wv8A\noMah/wCBL/40Ae70V4R/b2tf9BjUP/Al/wDGj+3ta/6DGof+BL/40Ae70V4R/b2tf9BjUP8AwJf/\nABo/t7Wv+gxqH/gS/wDjQB7vRXhH9va1/wBBjUP/AAJf/Gj+3ta/6DGof+BL/wCNAHu9FeEf29rX\n/QY1D/wJf/Gj+3ta/wCgxqH/AIEv/jQB7vRXhH9va1/0GNQ/8CX/AMaP7e1r/oMah/4Ev/jQB7vR\nXhH9va1/0GNQ/wDAl/8AGj+3ta/6DGof+BL/AONAHu9FeEf29rX/AEGNQ/8AAl/8aP7e1r/oMah/\n4Ev/AI0Ae70V4R/b2tf9BjUP/Al/8aP7e1r/AKDGof8AgS/+NAHu9FeEf29rX/QY1D/wJf8Axo/t\n/Wv+gxqH/gS/+NAHu9FeEf2/rX/QY1D/AMCX/wAaP7f1r/oMah/4Ev8A40Ae70V4R/b+tf8AQY1D\n/wACX/xo/t/Wv+gxqH/gS/8AjQB7vRXhH9v61/0GNQ/8CX/xo/t/Wv8AoMah/wCBL/40Ae70V4R/\nb+tf9BjUP/Al/wDGj+39a/6DGof+BL/40Ae70V4R/b+tf9BjUP8AwJf/ABo/t/Wv+gxqH/gS/wDj\nQB7vRXhH9v61/wBBjUP/AAJf/Gj+39a/6DGof+BL/wCNAHu9FeEf2/rX/QY1D/wJf/Gj+39a/wCg\nxqH/AIEv/jQB7vRXhH9v61/0GNQ/8CX/AMaP7f1r/oMah/4Ev/jQB7vRXhH9v61/0GNQ/wDAl/8A\nGj+39a/6DGof+BL/AONAHu9FeEf2/rX/AEGNQ/8AAl/8aP7f1r/oMah/4Ev/AI0Ae70V4R/b+tf9\nBjUP/Al/8aP7f1r/AKDGof8AgS/+NAHu9FeEf2/rX/QY1D/wJf8Axo/t/Wv+gxqH/gS/+NAHu9Fe\nEf2/rX/QY1D/AMCX/wAaP7f1r/oMah/4Ev8A40Ae70V4R/b+tf8AQY1D/wACX/xo/t/Wv+gxqH/g\nS/8AjQB7vRXhH9v61/0GNQ/8CX/xo/t/Wv8AoMah/wCBL/40Ae70V4R/b+tf9BjUP/Al/wDGj+39\na/6DGof+BL/40Ae70V4R/b+tf9BjUP8AwJf/ABo/t/Wv+gxqH/gS/wDjQB7vRXhH9v61/wBBjUP/\nAAJf/Gj+39a/6DGof+BL/wCNAHu9FeEf2/rX/QY1D/wJf/Gj+39a/wCgxqH/AIEv/jQB7vRXhH9v\n61/0GNQ/8CX/AMaP7f1r/oMah/4Ev/jQB7vRXhH9va1/0GNQ/wDAl/8AGj+39a/6DGof+BL/AONA\nHu9FeEf29rX/AEGNQ/8AAl/8aP7f1r/oMah/4Ev/AI0AczRRRQAUUUUAFFFFABRRRQAUUUUAFFFF\nABRRRQAUUUUAFFFFABRRRQAUUUUAFFFFABRRRQAUUUUAFFFFABRRRQA+L/XJ/vCtKs2L/XJ/vCtK\ngAoqVYt1u8oblCAVx2PenJbF7V5933T93HX1/nTszRUpvZdL/IgoqVIt1vJKWwFIAGOpNP8Asv8A\npht9/wDwLHtmizBUZuzS3/W/+RXoqWGHzAzM2yNRy2P0pPK/0fzt38e3GPbNFmL2crXsR0UUUiAo\noooAKKKKACiiigAooooAKKKKACiiigAooooAKKKKACiiigAooooAKKKKACiiigAooooAKKKKACii\nigAooooAKKKKACiiigAooooAKKKKACiiigAooooAKKKKACiiigAooooAKKKKACiiigAooooAKKKK\nACiiigAooooAKKKKACiiigAooooAKKKKACiiigAooooAKKKKACiiigAooooAKKKKACiiigAooooA\nyqKKKACiiigAooooAKKKKACiiigAooooAKKKfFE80ixxKWdjgAUDSbdkMpyI8hwiMx9AM1bItbTg\nhbmYdef3a/8AxX8qY+oXTDaJjGvZY/lH6U7LqackY/G9fL+v8xhtLoDJtpgP9w1CQQcEEH3qQXM4\nORPKD6hzUw1CYjbcBbhPSUZP59RRoFqT6tFSirptorlS9kSHAy0DHLD/AHT3/nVKhqxM4OIUUUUi\nAooooAKKKKACiiigAooooAKKKKAHxf65P94VpVmxf65P94VpUAWbL5mki/56IQPqORU6MI5Le3bo\nyEN9W/yKpQyGKZJAM7TnHrSyymSdpQNpJyB6ValZHXTrqFNd0/w3/MmnBitI4j95mLH+VT/8xk/j\n/wCg1UupzcS7yu3jGM077V/phuNn/Ac+2KLq5arU1PR6Jx+5XJLja9qjQE+UhwynqD6n61H/AMw7\n/tt/SmQTGFjldyMMMvqKDKPs/kheN+7OfbGKV0ZupGV5dWrWIqKKKk5QooooAKKKKACiiigAoooo\nAKKKKACiiigAooooAKKKKACiiigAooooAKKKKACiiigAooooAKKKKACiiigAooooAKKKKACiiigA\nooooAKKKKACiiigAooooAKKKKACiiigAooooAKKKKACiiigAooooAKKKKACiiigAooooAKKKKACi\niigAooooAKKKKACiiigAooooAKKKKACiiigAooooAKKKKACiiigAooooAyqKKKACiiigAooooAKK\nKKACiiigAooooAKvSn7Fb+QnE8q5lbuoPRf8ai09Fe7UuMpGDI30AzUMsjSyvI5yzkk01ojaL5Ic\ny3en+f8AXqMooq7pdgb+4KlisaDLEdfpQld2RFOnKpJQjuylRXVSaFZNFsRWRscOGJP41zVxC9vc\nPDJ95Dg+9OUHHc3xODqYeznsxiMyOHRirKcgjtVu5C3MH2yMAODtmUDv2b8f51Sq3ppBufIb7k6m\nM/U9D+eKS7GdJ3fI9n+fQqUUpBBIPBHBpKRiFFFFABRRRQAUUUUAFFFFABRRRQA+L/XJ/vCtKs2L\n/XJ/vCtKgAooooAKKKKACiiigAooooAKKKKACiiigAooooAKKKKACiiigAooooAKKKKACiiigAoo\nooAKKKKACiiigAooooAKKKKACiiigAooooAKKKKACiiigAooooAKKKKACiiigAooooAKKKKACiii\ngAooooAKKKKACiiigAooooAKKKKACiiigAooooAKKKKACiiigAooooAKKKKACiiigAooooAKKKKA\nCiiigAooooAKKKKACiiigAooooAKKKKAMqiiigAooooAKKKKACiiigAooooAKKKKALdjwl2R18g/\n+hLVSrem/NcND/z2jaMfUjj9QKqHg4NN7Gsv4cX6hWx4euRBLKsgIjcDL44U9snt1rKijaWVI1+8\n7BR9TXaWtrFa24hjUbQOc/xH1NXSi27nbllCc6ntIu3KPkljjjMjuqqO5Nchqcpn1CaQoyZOAGGD\ngDArrEtLZHDpBErDoQo4qlrlklxZvMABLENwPqO4rWpFtHp4+hUrUvTWxytS2xIuYiOocY/Ooqs6\ncge+i3fdQ72PsOT/ACrnW587TV5pLuNvQBfXAHQSt/M1BTpHMkruerEk02kxTd5NoKKKKCQooooA\nKKKKACiiigAooooAfF/rk/3hWlWbF/rk/wB4VpUAFdPo/h2zv9LhuppJw77shWAHDEentXMV6B4X\nRj4ftSFJHz9v9s0AVP8AhEtP/wCe11/30v8A8TR/wiWn/wDPa6/76X/4muh8t/7jflR5b/3G/KgD\nnv8AhEtP/wCe11/30v8A8TR/wiWn/wDPa6/76X/4muh8t/7jflR5b/3G/KgDnv8AhEtP/wCe11/3\n0v8A8TR/wiWn/wDPa6/76X/4muh8t/7jflR5b/3G/KgDnv8AhEtP/wCe11/30v8A8TWDb6DPfXl7\nHazRrHbXBizJnOB346n8q7/y3/uN+VHlv/cb8qAOPufCE32gfZLmPySBnzc7gfwGD+lNfwldeRD5\nc0Jl2nzdzkLntt+Xp9a7Ly3/ALjflR5b/wBxvyoA5L/hESPsv78Hr9pOcfTZx/OpLfwlF50/2mZ/\nK3DyfLYbsf7WV6/Sup8t/wC435UeW/8Acb8qAOQuvCMv2kfY7hBARz5udwP4DB/Ss+bQbhNSt9PW\nWLz3tzK5JOzIYjAOMgYx2rv/AC3/ALjflR5b/wBxvyoA5i18I24t1+2XEhm/i8ogL+GRmqdx4Ru/\nOl+zXEHlf8s/Mzu+hwP1/Suz8t/7jflR5b/3G/KgDlYfCSfapPPmb7PtXZsb593fOVxj0qrL4RvN\n8vlXEG3P7stnJHoeP1/Su08t/wC435UeW/8Acb8qAOUPhIefcYmPk7P3HzfNux/F8uMZ9KYvhJ9l\nrumXdn/ScNxj/Y+X+ddd5b/3G/Kjy3/uN+VAHFy+EbzfL5VxBtz+7LZyR6Hj9f0rT/4RLT/+e11/\n30v/AMTXQ+W/9xvyo8t/7jflQBz3/CJaf/z2uv8Avpf/AImj/hEtP/57XX/fS/8AxNdD5b/3G/Kj\ny3/uN+VAHO/8Ilp//Pa6/wC+l/8AiaP+ES0//ntdf99L/wDE10Xlv/cb8qPLf+435UAc7/wiWn/8\n9rr/AL6X/wCJrF8RaRb6V9n+zvK3m7s7yD0x6Aetd55b/wBxvyrlPHCsv2HcCP8AWdR/u0AcpRRR\nQB2n/CJaf/z2uv8Avpf/AImj/hEtP/57XX/fS/8AxNdBRQBz/wDwiWn/APPa6/76X/4mj/hEtP8A\n+e11/wB9L/8AE10FFAHP/wDCJaf/AM9rr/vpf/iaP+ES0/8A57XX/fS//E10FFAHP/8ACJaf/wA9\nrr/vpf8A4mj/AIRLT/8Antdf99L/APE10FFAHP8A/CJaf/z2uv8Avpf/AImmy+ErPyn8mafzNp2b\n2GM9s/L0roqKAOXXwihsBunYXm3qDmPd+WcVBa+Ebjzk+2TxeVg7xETuz2wSK6+igDkE8IT+ZOJL\nmPZg+SwznOeNwx6ehotvCNxslN1cRbth8oRk43diSR09gK6+igDlW8I/8S75Zv8ATto6t+6znn+H\nOMUy48Iy+bH9muE8sqN/mE5DeowOR7cV1tFAHJR+EZNtr5k65y32ja3bts4/PNTT+EovPg+zzP5O\nT529hux224X+ddPRQBwuraC2nweYZQfMulii5zhDnluBz9KuQeEZvJm+0XEfm4/chCduf9okfyrr\nqKAOUsvCLb3N/MAuPlWBsnPuSP6Vb/4RLT/+e11/30v/AMTXQUUAc/8A8Ilp/wDz2uv++l/+Jo/4\nRLT/APntdf8AfS//ABNdBRQBz/8AwiWn/wDPa6/76X/4mj/hEtP/AOe11/30v/xNdBRQBz//AAiW\nn/8APa6/76X/AOJo/wCES0//AJ7XX/fS/wDxNdBRQB5xrFpHY6pNawszIm3BY88qD/WqVavib/kP\n3X/AP/QBWVQBqeH9Oh1O9eCdpFVYy4KEA5yB3B9a6D/hEtP/AOe11/30v/xNZfgz/kKy/wDXA/8A\noS12lAHP/wDCJaf/AM9rr/vpf/iaP+ES0/8A57XX/fS//E10FFAHP/8ACJaf/wA9rr/vpf8A4mj/\nAIRLT/8Antdf99L/APE10FFAHP8A/CJaf/z2uv8Avpf/AImj/hEtP/57XX/fS/8AxNdBRQBy9r4R\nT7M32ydhPk4MTZXHbqM1Vh8I3nmp9ouIPL3/AD7CclfUZHWuyooA5M+EZPtzYuF+yH7pz+8HHfjB\n5+lMtPCM/n/6bcR+SAf9Vnc35jA/WuvooA5aDwiPsT/aJj9q+bZsb5PbOVz9ahk8Iz+TAYp4/Nx+\n+DMduf8AZOP5119FAHIjwjOIMGeMzed1yQvl/TGd36VYu/CMJgP2K4kWbt5pBU/kBXTUUAccfD1v\nY2ktxrFyY1BATyCW598rS6P4aW70tZ715oppMlFGAAO2Qfz612FFAHHReEbvcwmngICttKMeTjjI\nxwM4z1pbbwhc/aE+13MXk4+fys7ifQZGPxrsKKAOQm8IXH2oiC5i+zk8F87wPoBg/pU0nhEfbovK\nnP2TH7zcf3meenGMdK6migDkovCMnlXHnTp5mf3GwnGP9rI/lTrLwi29zfzALj5VgbJz7kj+ldXR\nQBz/APwiWn/89rr/AL6X/wCJo/4RLT/+e11/30v/AMTXQUUAc/8A8Ilp/wDz2uv++l/+Jo/4RLT/\nAPntdf8AfS//ABNdBRQBzN74XsbexuJ0luC0cbOAWXGQCfSuRr0nVf8AkE3n/XB//QTXm1ABRRRQ\nBlUUUUAFFFFABRRRQAUUUUAFFFFABRRRQAqMyOHU4ZTkH0NW75BIBeRD93KfmA/gfuP6iqdT2tyb\ndmBUPE4w8Z6MP8femuxrTkrOMtn+BBS5PqatyWXmKZbJjNH1K/xp9R/UVT6cGhqxMoShuLk+poyf\nU0lOjjeVwkaM7HoFGTSJV3ohtXcfZLE54muR0/up/wDX/kKVYorE77nbLOPuwg5Cn1Y/0qpLK80r\nSysWdjkk1Wxtb2S1+L8v+CMoooqTAKKKKACiiigAooooAKKKKACiiigB8X+uT/eFaVZsX+uT/eFa\nVABRRUbTxoxVmwR7UASUVF9ph/v/AKGj7TD/AH/0NAEtFRfaYf7/AOho+0w/3/0NAEtFRfaYf7/6\nGj7TD/f/AENAEtFRfaYf7/6Gj7TD/f8A0NAEtFRfaYf7/wCho+0w/wB/9DQBLRUX2mH+/wDoaPtM\nP9/9DQBLRUX2mH+/+ho+0w/3/wBDQBLRUX2mH+/+ho+0w/3/ANDQBLRUX2mH+/8AoaPtMP8Af/Q0\nAS0VF9ph/v8A6Gj7TD/f/Q0AS0VF9ph/v/oaPtMP9/8AQ0AS0VF9ph/v/oaPtMP9/wDQ0AS0VF9p\nh/v/AKGj7TD/AH/0NAEtFRfaYf7/AOhp6SJJnYc468UAOooooAKKi+0w/wB/9DR9ph/v/oaAJaKi\n+0w/3/0NH2mH+/8AoaAJaKi+0w/3/wBDR9ph/v8A6GgCWiovtMP9/wDQ0faYf7/6GgCWiovtMP8A\nf/Q0faYf7/6GgCWiovtMP9/9DR9ph/v/AKGgCWiovtMP9/8AQ0faYf7/AOhoAloqL7TD/f8A0NH2\nmH+/+hoAloqL7TD/AH/0NH2mH+/+hoAloqL7TD/f/Q0faYf7/wChoAloqL7TD/f/AENH2mH+/wDo\naAJaKi+0w/3/ANDR9ph/v/oaAJaKi+0w/wB/9DR9ph/v/oaAJaKi+0w/3/0NH2mH+/8AoaAJaKRW\nDqGU5BpaACiiigAooooAKKKKACiiigAooooAKKKKACiiigAooooAKKKKACiiigAooooAKKKKACii\nigAooooAKKKKACiiigDKooooAKKKKACiiigAooooAKKKKACiiigAooooAcrMjBkYqw6EHBFWf7Qm\nb/XJFP7yICfz61UopptFxqSj8LLf2xByLK1/75b/ABpHv7hlKKwiQ/wxKFH6VVooux+2ntf9Aooo\npGYUUUUAFFFFABRRRQAUUUUAFFFFABRRRQA+L/XJ/vCtKs2L/XJ/vCtKgArPuv8Aj4b8P5VoVn3X\n/Hw34fyoAiooooAKKKKACiiigAooooAKKKKACiiigAooooAKKKKACiiigAooooAKKKKACiiigAoo\nooAKt2P8f4VUq3Y/x/hQBaooooAyqKKKACiiigAooooAKKKKACiiigAooooAKKKKACiiigAooooA\nKKKKACiiigAooooAKKKKACiiigDQtf8Aj3X8f51LUVr/AMe6/j/OpaACiiigAooooAKKKKACiiig\nAooooAKKKKACiiigAooooAKKKKACiiigAooooAKKKKACiiigAooooAKKKKACiiigDKooooAKKKKA\nCiiigAooooAKKKKACiiigAooooAkggmuZlht4nllbhURSxP0ArUbw/dLFZ+ZviuLl5lMMsTKU8sK\neep5B9KXw5NGj6hA06QTXNo0UMrvtVW3KSCe2VDDPvW1a3EVqugwXWo20j2xuxJtnVxEGQbRuzjn\ntjjtQBy9vpmoXMYktrG5mQjIaOJmGM4zwPam2un314XFpZ3E5T73lRM2364HFakt4BpOgxJcgeQ8\njuof7hMnBI7cVqzrpz39/dW09lI51OZn866KIkQbKOgVgXzk9M9BxQBxzAqxVgQQcEHtSVp+JZIZ\nvEupy2zo8MlzIyMhyrAsTkVmUAFFFFABRRRQAUUUUAFFFFABRRRQAUUUUAPi/wBcn+8K0qzYv9cn\n+8K0qACqc8LNMzAjBxVyoZPvmkxN2KvkP6ijyH9RU9FK5PMyDyH9RR5D+oqeii4czIPIf1FHkP6i\np6KLhzMg8h/UUeQ/qKnoouHMyDyH9RR5D+oqeii4czIPIf2o8h/UVPRRcOZkHkP6ijyH9RU9FFw5\nmVvKfOMU4QOfSp/4s0vU0XHzFYwsPQ0nlOf4f1qzwafFG8kgSNSzNwAByaXMO7Knkyf3f1o8mT+7\n+orr7TQbWBUk1ObDtk7FPT8autcaFZnbFbI+DjJGaXOM4PyJP7v6ijyZP7v613EusaS4INnFgf3o\nwaozR6NdDeAYWJ/5Zn+ho5wOU8p/7v60eU/939a27rSpI1aW2kFxEp52/eX6is7AHanzCuyr5T/3\nf1o8p/7v61aGCKMA0+YLlXyn/u/rVmzUrvyMdKMcVJD/ABUKVwTJaKKKoZd/4ROfOPtUX/fJp3/C\nI3H/AD9Rf98murx81SVF2dPs4nIf8Ihcf8/cX/fJpf8AhEJ/+fuL/vk11w60UuZi9nE5H/hD7n/n\n6i/I0p8HXIGftcX/AHya7BaG+7T5mP2UTkB4OuDnF3Fx/smo5PCc6bc3cRycfdNdk0iQxPJKwRF5\nJNYE/iK2Z1VYpSqn72Bzx6ZouxckUZ3/AAiFxjP2uL/vk07/AIQ25/5/If8Avk101pdQ3duJYH3K\neD6g+hq4vSlzMPZxON/4Q25/5+4f++TR/wAIZc/8/kP/AHya7KijmYezicYvg65b/l7i/wC+TR/w\nh1xkj7XFwM/dNdjH1H0FB++/+6P60czD2cTjh4OuTn/S4uP9k0v/AAhtz/z9w/8AfJrsE5B+tOo5\nmHs4nG/8IZc/8/cP/fJpD4OuQcfa4v8Avk12lMb/AFn4f40czD2cTj38G3KDJvIv++TSp4LuWAIv\nIef9k12M/wB38qfb/cH0/qaOZg6cbHGL4LuWOPtkPTP3TTZfB0sCF5tRto1HUtkCuzDhGLMcAKSa\n5vUrC/u7VtWuEzblcxRZ5VT047ccmmn5i9mjNt/CZuQTb6nay7euzJxU/wDwhNz/AM/sP/fJrGsr\n+ayvluIWOQeRn7w9K9NBFOV0TGMWcV/whNz/AM/kP/fJpG8FXK4/0yHn/ZNdtUbnBH0NLmZfs4nH\nHwTcj/l8h6gfdNKvgi5YZ+2w/wDfJrs2PT6j+dPj+4KXMxeziec3Vi2m3D2burtHjLKODkZ/rUNa\nniT/AJDtz/wH/wBBFZdaIxe4UUUUCCiiigAooooAKKKKACiiigAooooAKKKKACiiigAooooAKKKK\nACiiigAooooAKKKKACiiigAooooAKKKKAMqiiigAooooAKKKKACiiigAooooAKKKKACiirUun3UO\nnwX8kWLadmWN9wOSOvHUfjQBVoq1dafdWcNtNcxbEuU8yI7gdy+uB0/Gm2tpJcx3LoVAtovNfd3G\n5V498sKAK9FFFABRRRQAUUUUAFFFFABRRRQAUUUUAFFFFABRRRQA+L/XJ/vCtKs2L/XJ/vCtKgAq\nCT75qeoJPvmpkTLYbRRRUkBRRRQAUUUUAFFFFABRRRQAUUUUAFKOlJRQCFoFJSjpQNbixozuqICW\nY4AHc11NlZpo9mZp9jXLA8f3fas7w/arue8kHEYwnHf1/wA+tassRvVUnKqOgqJM1irmDeXdxdSE\nu5OOlQpG8jdTnvXTx6VDtwVGfcUsenRxyZCmp9oi/Zs5xrCXaCFNQtaSoCxU8V2Yixxt496gntg6\nnIqVUKdI5aCe4gI8pmU5zx3qW8SK4R7iFBHIp+dB0I/vCrtzbeVk7arwKSxIAwowR6itE77Gbjbc\nysUmfepZ4/KmZO3UH1Haoe9WZC5p8P8AFTOKkh701uNXJKKKKso7r+Kn0Y+apMVkdoylApwUU4D2\noENUcUrfdpQKH4U0wOZ8S3RMsdsjEqvzOOgz2qlBZrNtbIKD77Z6etVL1vMvp237g8jHPXIycV0X\nhmZFtXjdljLtnLYwR6D3od0iI6vUrxi3sNdghsywjmT94hz1IyDg10i/dH0rBiuotQ8QTSyFA8Q2\nR8Y3AZH51vgcYpFBRSjmnBfXmgCKPqPoKD95/wDdH9aWPr+AoP3n91H9aEAkfQ/WnUifxfWhnVBl\n2Cj3OKAFqN/9Z+FSAgjIORTWHzj6f40Ahbj7v5VJBwg/z3NMn+7T4fuD6f1NAPYYg3ybSAQVPB9M\n1JPFbyWYRry58uNCuwHAY56EfTv6UyBik4ZTggf1qSWKJLT9zuTzJQpwc4zjofTmpkONjgtRsYI0\nlnjhcksFUL0BOefXsa6zw6s39iQNNlioPzc8DJx+mKZb6W0OpxxyRlrd24kPf2Ndi0MaosewBdpw\nAOBRz6C5dTCBBGQcj1qOT7y/jUYBg1Ge3/hPzr7etSSfeX6GqTuOw9un4j+dPj+7UZ6fiP51JF90\nUEvY4jxJ/wAh25/4D/6CKy61PEn/ACHbn/gP/oIrLrRHM9wooopiCiiigAooooAKKKKACiiigAoo\nooAKKKKACiiigAooooAKKKKACiiigAooooAKKKKACiiigAooooAKKKKAMqiiigAooooAKKKKACii\nigAooooAKKKKACuq0+axutJstJvbuKGKWJnZyw/dOsrMM+mVLAf7wrlaKAOtlvbfU7jTpjeLasgn\nZFWRUZMH92m48LwAATVs3+mpIkt/It1jTSk6falkeRhcAhS4A3Hb+g69641bW5a2a6W3lNuh2tKE\nO1T6E9KhoA7C2uo0m1L/AE5ZbyWSJ4Z4btLbdDhvlDMCFxlcpx0x2wc+3uoG8WTzMIbZJknTAlVk\nVniZR8wwMbj16c1z9FAHYaKqwNpFv9ptjMn25nCSLII8wjBOMjHGaytZkY6XZxXl1HdXyyyFnSYS\nlYyF2qWBIPIY4zxmsq2uJrSbzoH2PtZc4B4YFT19iaZJFJEQJY2QsoYBhjIIyD9CKAGUUUUAFFFF\nABRRRQAUUUUAFFFFABRRRQA+L/XJ/vCtKs2L/XJ/vCtKgAqCT75qeoJPvmlImWw2iiioICiiigAo\noooAKKKKACiiigAooooAKKKKAClFJSigaOkgQxaXbx5OXXJH1JP8jWxaRny0HtWLEWee2j5KiJev\n0rprVMKCRXPUZ10kSxwjFP8AJHpUiDipdorE1KbRetV5oeDxWiVqGRaAuYlxCGBBFY4iaG4IRQd3\nHzdBXSTpWe9vvbp071rCRE43Oe1WLy3QZLEAgnHWs/jNbviBVIjZRwoA6fWsIjmuhPQ5ZLUQ9alh\n6GosVLD0NUtxIkoooqyj0Aj5/wAakxTD9/8AGpKzOwTb6U8KO/NIp607IoEJgCua13VZXuDZWhIA\n+Vtn3mb0FaOuasthblIiDcSD5f8AZHrVLwrYedHJqBmQXAbEXmc89yevNGyuJu7sjBvdPvbI5vbd\n4iem7vWxp2n/AG7SNjHbnO04rR8YtcGzYShWWPaDIuOWwP8AGrvgK5+1aXLbSEE2z4AYZG1uR+Rz\nSbclclWi7HJ2On3VvqdtCUIYtwQeMd67FN+3EgIYHB461vyxLCvmOY1Qddq89f8A9VYcrTfaZRcF\ndwxwvaldlRt0EGe1PplLuP1qhjY/6Cg/fb/dH9aIz0prH5m+g/maEBHPOlrbSTP0UZ47+1cxDYX+\nuXcskYLYB3MThVz0FWPFF5LG8dsudhG84/iPTH+fWtrwYFGlRyfa44x5haVcZJ46Z7dqV7In4pWM\nbRbifS9QbSr9vlP+ryeAfQH0NdGR8+Pb/GuV8VRw+bDcwTNJK5O49hj3+tbehTzXOnxvckeZ04/G\nnurgtG0aM4+SnRD5B9P8aWcZjoixsH0/xoRXQjQfvPwP86sXPy6U0igEpKrfliq8fMvHoatyLv0m\ndc98/pUy2GiYfv4LdogWXzFIwK2LmArGJC3K9h6Vx9nqU9laIMb4VYOD3Ht9Oa6VNQfU7bNvC+CO\negx+dKwO5gaovlazE394EU5/vL+NP8Qxspt7jBBDYb2OKa/JX6GnAGObp+I/nT4vuimN0H1H86lj\n+7VCOG8Sf8h25/4D/wCgisutTxL/AMh65/4D/wCgisutEcst2FFFFAgooooAKKKKACiiigAooooA\nKKKKACiiigAooooAKKKKACiiigAooooAKKKKACiiigAooooAKKKKACiiigDKooooAKKKKACiiigA\nooooAKKKKAOk1e7v9OWyt9MlmgsZLSJk8rKiZigLlsfeO7cOemKX+yYV0i9W4gt0urW1SfdG8pkB\nZkxuz8mCrdBz+tYkGpX9tbtb299cxQt96NJWVT9QDikfUb57cW73ty0IXaIzKxUD0xnGOKAN+az0\ns+LZtNWwCWtv9o3Ylfe+2NmHJOBgjjj65pLG20iWwi1C6htYUnuTE8Zac+Uqqv3du75juJ+Y444H\npzv2m4+0NcefL5z53SbzuORg5PXkE0+1vryy3fY7ue33/e8qQpn64NAHRNBaXcOg6bsjWCW4kj88\nbgxXzMZwTgEjHUflUdjY2N+9rJNp62ijU4bV4w74kRidwOSSCNoyRj73audeaZ1RXldghJUFiduT\nk49OakuL68uihurueYx/cMkhbb9MnigDZ0nS7eeOJrm3J3atBbEkkZQ7ty/oPeq9mNPuPE9lBJbJ\nb2QuEjcbmO5d3ViSeSOuMD2qjJqeoSsrS3105Rg6lpmO1hnBHPUZPPvVUkkkkkk9SaAOqtbrVLzU\nL+z1gyG0jhmM0TjCQEKxUqOincFAx16U+7t7a7nt7aayCk6Qk32rc2VKQZBxnbtyoHTPPWubm1K/\nuLdbee+uZYF6RvKzKPwJxSNqF81sbZr24MBABiMrbSAMDjOOAB+VAG42nWXmPY/ZAAun/ahe72yW\n8rf0zt2lvk6Z981GNLtmv2RYCYl0gXJ+Y8P5AbdnP9/t07Vjfbrw2n2Q3c/2b/nj5h2f989KUahf\nLALdb24EIBURiVtuDkEYzjHJ/OgC9rUdnbR2tvbWio720M0kxdixZowSAM4Ayc9M5744rIp8kskp\nBlkZyqhQWOcADAH0AplABRRRQAUUUUAFFFFABRRRQA+L/XJ/vCtKs2L/AFyf7wrSoAKgk++anqCT\n75pMmWwmKSlzSVBIUCirFjFFNdRxzuUjOSxBwcAE8Z78YoEiCjmt1rDQ2aQw6mvltENiy796NvHO\nQgB+Tdx2J/GnXdpo7X6S211HJC8qrsUlEA2nOWZRtyQOfc0yrIwMGjBrdfSdNG0pfqCPKDJJKuSS\nH3gbA2OiYPON2DzwIoNNsW1YJ9siktIpovN8x9hMZ5kwTgnbjbwMnIIFAWRj4NGDW2tjpDwwFtQt\n4pUUiX55GEpwSG+4NvOBj075zT76DQ47oyR3ccsUlyuVgDApHvfdgEAfd2cevTigLIwOaXBroZLL\nRLt52j1BI5pFjFvFGHC79oDA5TpuzjpwfwqCbStPSbaNViRMS8OTuyCwTICnGcLkHB5oCyMXmjmt\n+Gz0mO6vBHM1zbqhCTMMLkk4PIHONv8A497UwWWm3KR7JWUQqqSspHJJGT09A36ehzSi2axw05K6\n/NL7r7mHg0q+w5rZvdP02204H7Ypvkjyyruw7eYcDBX+4RzkDK4wc5rLtFD3cSEAhnAIPpmod+pn\nyuMrPc6LTiJrxMHpGo/Sug83yVACM7egrMhs1h1lxGu1NvAAwOlWry+WzG0cue3c1yyfMzrguVFy\nPUIg22VHjPuKupIki5Rgw9q5qS+vhIFltlPIGCRnkZrWsSpUME2MOGHoaJRshp3L0jqikseBWXNf\nySOUtYSe25ulW72TbHjj5uKybxpTG32d0Cr95vf2FTFXB6Dnjuid7Tpn+4BxT1H7tiRg4rIjkuMK\nRNvYn7mK1Y1cRDf1Pb0q3oEXcw9QVrmAqilmU9O/4VgkYOK7KCHy5WcAbu2a5vWI0j1KdYwQNxJ+\nvWtISvoYVIWVyhUkXeo8VJF3raO5kiSiiirKPQW+9+VPzUbfepxOKzOwUtik3D1qIt70sa+Zu52q\nq5Y+lJuwWOW8RoDqIYEfcGR/n6/pWv4RlEVhOJVzF5hKEAZU46jNZC2txreufZbPDPK21Cx4CjqS\nfTHNen6focWjaUkMAWW5iQ/vSnU9TgfnTkrozvaVzzDxBeyyz/ZQkiRo287xgsT3x2FW/CmpQaXJ\ndNPKyCRF2kLuyRk9Pxrqr/SbK7s5Jbob1XLbzgMffNYngptPS5nluFDspWOIMMnnJzj6D9DUqSas\nhtO92zXi8QW2oXFqgcou/LBzxxyOfrii6mWa/maNgwIHIOfWqfivTGkSa+tbQWwgbJdSB5g9cD/P\nH0zW0cq1iJ1JLSH5yR/F6UIpbGlmlzUWfc0bj61QxyHn8KGPzN9B/M1HG3T6VFLN87BFLtjnHbk0\nJN7FRhKbsjC8TupkXDAsq4x6VJ4KNyJ5wjMY3UYDcrwcfl1qj9lW/lYx3SyMeTkFce/05r0DQdGg\n0+JY4jvIQbpOxJ9P1pTTSsS6Uoy5mcH4jjl/tZxIcHYCqhcAZ9q1fDV0skBgCkPHjPuOa0vGmkAq\nl/Fkyw/eHqtctoWozWmpo0SZzkMF53ChbEPSXqd2kDXJManAxkk1zOrnU9IuWeC7E0Y5Mcijp+Fd\nak0UzZR/KDpvOSMHnpiuN1wi7uZILeQyF+Sc4xUqTuVbQ3PDEo12NpFxE0XyyL1wevFdBfafFa27\nIsjfvFwSeg/CuW8DwzaXb3E1wPLM7DaGPZc8/jk/lmule5TUEnjSQNLGA4Ht0P8ASqbWwo33Zkrb\noIGgjRHIAAbHP/6639GkjW2KOu1uO3asawGZXY9jTp51huMxuSrHDhT0P/16kpq+hZ1dkk0+72ZJ\nTJGOuetZcDb7eFvVKnEv/Eznt25WdAR9dtVLP5baND1Tch/A4ojvYC03QfUVJGeKhboPwp6HirQj\nivEn/Ieuf+A/+gisutPxHzrlz/wH/wBBFZlaI5ZbsKKKKBBRRRQAUUUUAFFFFABRRRQAUUUUAFFF\nFABRRRQAUUUUAFFFFABRRRQAUUUUAFFFFABRRRQAUUUUAFFFFAGVRRRQAUUUUAFFFFABRRRQAUUU\nUAFFFFABRRRQAUUUUAFFFFABRRRQAUUUUAFFFFABRRRQAUUUUAFFFFABRRRQA+L/AFyf7wrSrNi/\n1yf7wrSoAKgk++anqCT75qZEy2G0UUVJA5EZ3CIpZmOAAMkn0qe6sbi02+fGBvyAVcOMjqMgnkZG\nR1GaSyums72C6jALwSrIoPQlTnn8q0LTU7KyZhaW9zGHBzIJ/wB4PmVgAQMAfLjOMnPtimUrGXJF\nJHjepAZQw78HoaZg85B45PFb0niJZImH2VoyVkGyN8I29NvzDHIXqvoSakn8TRzfaN1vMfOj2tmb\nG4/P1wOP9YeBgHnjngCyOfWKRo3kCnYmNx9M9Klks7mOIyPEyoCoyTwSw3AD1OCD+Naura9FqFu8\nSW0ke7oXl3YG7cB0z6jr7+1KviFHlt2ubZm+yqEgKPtKDythzgc8gN+Y78AaGGUYKGPQ5788dc+l\nTw2FzLOYUjAcRiU7nVQFIBByTjow/Ouij8T20NzHdrBIzk7mjEmCuCvBOMHO3PTv69MqDVo4r55m\nhfY9rHbYDKSNqIueQQc7PTvQFkZ5tphc/Zwm6UnAVCGyT6EZBqLB64OMZretvEKWqIkUM2FuBPv8\nwK3UZTgYCnGceuD2pYvESrHKk0U8ge3SBQZuAqxGM8EY6kt+J9c0BZFS4s7ltNgMKZhWMyPhhknG\nSduckAe3FGoaUbWAM37uVAFkjY/xDqB75qbTdRT7G1s5G/ypI13kBW3KV64yMZ7YzjrWxNqrSNM8\nln5PmyNIZPtA+UneAw4zuAfg+qj1rW1+lz0uRTTko8yaVvK35fqc5cK76VbzSj5g5RWPdef6giqc\nLFJVYdVIIrU1HVI57eS1XzZBlSszOSxIznd6g5/MCslT81Zz1djkryXPo72S/A9G3K0sL9dyZzVi\nW3huE2yorD3FZWjz/bNLhf8AiiG0/hWxbnNcL0ZutUVBpNqWzsPHuauRW8UK4jQKT3AqViAMmmFs\njik2xpIq3wygJ7GkhhhkQZiQn3Wp54y8JzVW0k2PtahDsTm3RV4QAewqm/MuAO+K1HwVrPC7rn6U\nIViCSMLKQBzkn8K5HW9o1a42+oz9cDNdZdXMcE1xO7LtiBGCe+OlcNNI0krO5yzHJPvW1NdTGq9E\nhlSRd6jyKfF3reO5zrckooorQo9AbrTWPU0r5yetQuW7FvyrM7BC1QahZTPps1yGk2EcqDwfwyM0\n+NWkmVecE85qzqUu6ze1QnDjHXoKlvWyH0D4baPMksmrToVBQxxAj16t/T869CMiRxNI5wFGc1X0\n2WD7JFHGojVUAVfbFVNWvoVDRlgETlvQmm3bU57OTscn4vvxDpU0MXyGY/dB6AnpXN+C9TSw1Sfz\npBHHKgyx6A7sA+33ql8RrczILiVSsTsSue4/yareGtHfWLuW3yVgKjzWAyRzkAe5xUxWmprJ66Hc\n6lIsWnTSzSLMrxNmJDkE46+o4rivDt7slktXyElAx6BhXcalYTJYTQWgDt5ZUAnBrzq2ja1v4lC4\nYOvyn19KCl5HVCUEdDTvMH900t3GsNw3G1XAdQfeocx+oqlqA7eVRiOoWnWaN5cki8bIi+73wSP6\nVGCvOMVKZJLG2eF48iRTtIPXI6GqW1kdFFc0eVd0/Uq+HdL26hdTqB5UkZTHuSDj/PrXUaE5Wzlj\n3EiGVo1Y9wOlYumvIqbbJHllYYI2/KvuTVhftFpbfZljbZzvY8bueac9E9LF1UlGSta70RD4h1+2\ngSdN+XZdqIBn8TXCWF4li5lWLzZOxLYC/hUuryCTULlgc5fB59OKzuM49acYKx50pO53Nlc6pq+h\nyX8IhX7K/luiqckBQQ2fxrmNRe7t45HDFfNfa7YxzjOAf89RXZfDCQ/ZNQjB+68Zx65Df4VN48u7\nS10s2Munp5syn7O4RcRncN3uD9OtTy6k+0drHE6HrdzpFyZnLzRuu0ozfkRW4fG10ZFlhsok2gj5\n3LZB9cYrjpW6D0FdF4P0oahctc3kRe0g6Kejt6H2A/mKppLVhGT2RWufEeoyOxSVYtxJIRBj9c1r\naBrEl3b3Edwo8yMhg4HX8PXirOt6r4blsJ45NKto7lARAIMKS3IGdvQDg89e2e3K2l1FDCF8p1Pd\nlb71JpNaFRbvqdYboJPBP3j6j6f/AFhViVhFfToA2xm3KccHIrk31SJXy6SE9wwBH6n6VfbxRAVC\nqbpVCbNoCY+tRyvc1511Z0LTKQOvUU5ZRjvXMp4mhWII6TSsP4iFBP5Uf8JVAM/6K/8A30KpXJ5l\n3KuvHdrM5/3f/QRWdU95di+unuVQoHxwTnGBj+lQVaOd7hRRRQIKKKKACiiigAooooAKKKKACiii\ngAooooAKKKKACiiigAooooAKKKKACiiigAooooAKKKKACiiigAooooAyqKKKACiiigAooooAKKKK\nACiiigAooooAKKKKACiiigAooooAKKKKACiiigAooooAKKKKACiiigAooooAKKKKAHxf65P94VpV\nmxf65P8AeFaVABUEn3zU9QSffNTImWw2iiipICiiigAooooAKKKKACiiigAooooAKKKKAClFJSig\naNDTdQuLRtkMhVHYbxjrXfxnABByDXmsAzMg9SK9A0q4W4tF5+ZPlb8K56y6o6qLLiMZHyegOAKl\nKbvUfSoZId6EIxVuoIqaN7cKBJvVuhxk1klc3IriOVo9ikgHr61VWPym5Ocetabpblcic/dz1rMu\nTE4Kxq5OerdKrlBEySFxhTkVGMiTA7tT7aNILfAyTjkn1qCeYW9vLcN/ACw+vapS1BuyOL1mQPqt\n0wzjzWH5Gs44zUszF5GZjkk81ERzXXFWRwyd2IetSw9DUWKlh6GrW4kSUUUVZR37scnFQSMfapHP\nWopMc8CszsJ9MhMxlckDauAcZwfXHtVdrS7ZPNCq6scZDA1f0MSyG4ES7gihyPx/z2NT6hLtKlCo\nA+XbwMn1xgVDumF1sSR6lLp+nrFO678cAD7o+tVDBc3WyS4DIjHMMO3c0vuR6fWnXekSmbFwQXVQ\nxx3HPNEcMtpKZIZGWRVHPU7e34U0r6sV+wuvaXdTW2ZNzRKcuB1A+mKf4BsvsdhdNIcuZzg46rgY\n/rV+y1ZbgeRfZVm+UP2/H0qPTA9jqE9k7blwHU+opvYjfc0XPmXmST0I/lWZPoVlJc/aDAhlDbsn\nsf61px4N0Scfd7065kSM7gfrUopXWiMPWLbeiELyuQBWTDbNIGbhUHVjnH0rYnuftEMzqCAjDaf7\n3v8ArSw42BWx5Uh47bTSTsWlfcpLb2cKiQy7+eDkAH6CrOnQtLK95KH54i5wFX1/Gom062FwXdsl\nsjgZI/E1pGeWNMbV29u1CQyceXGMsOewwefpWbNdRzSFiAI14yR1qUGW5RlbEaHgnOWPt7VRvPLi\nG2JxGAMYHAz/AC/OmJHC6sF/tC7xjaZmIx6ZNZo+9itLUp457qSWMNtb1OSeKzCvOQTmuhbHLLc9\nC+F5CrqLEgAmMZJ9N3+NHxNmjeKxePqjOufXOOn5frUXhnWdF0rSUhS5VbhzumLxsSWP4YwMfT35\nrH8X3iXzxtBKJ8HLsh3BfQEjj/Pfsra3JW5y0hySa9NtpYdL0u2tV24RVRiO5LAM35nP5V5rtaJw\nZFZc9NwxWi+rXM0LRuysWzlyOcHbx6fwg9OuamS5jSDSu2UJwWupS2cliT+dPC4GNzfnTOSST61J\nVCXcjn3FAWYkj1NVzVidsIF7mq1ITFoo7mkNAi5B/qVqSo7f/UrUlMkKKKKACiiigAooooAKKKKA\nCiiigAooooAKKKKACiiigAooooAKKKKACiiigAooooAKKKKACiiigAooooAKKKKAMqiiigAooooA\nKKKKACiiigAooooAKKKKACiiigAooooAKKKKACiiigAooooAKKKKACiiigAooooAKKKKACiiigB8\nX+uT/eFaVZsX+uT/AHhWlQAVBJ981PUEn3zUyJlsNoooqSAooooAKKKKACiiigAooooAKKKKACii\nigApRSUooBE9mM3KexrX03UWs9QyOY3O1x/WsyyTLFvSnni4H1FZy10OiGiPRY3DDIp4XPPeqkBI\njUj0q0kg71zbHSmIyDPFQPEKsllxwRVaaQKOSKd2VcjZjjaKzdelA0SVU6blUmrDyFgQnQ9TVHVR\nu0O5H90qf1pw3Il8JyBOTTc0p6mk6V1nELT4u9Mp8XemtwRJRRRVlHcyN1qKQ0shwfwqF3X1rM7D\nqfBCfNdyHvtUfrn+ldFqNml1ZTQ7VDMMg4/i7VieClH9nSv/AHpm/QLXSt900HPL4jFg23KWcrjk\nxtC+fXH/ANY1lSqUtYHJ+aNmib3AJFX1k+zX9zAeglSZPo3DfzNU9QaMuLfcEzOxZj2HX+tJmkTK\nulSNSw+73FFhfGbULdyTlY/LJPfk4/pUGrz+fNstciIADLd/f9elVrJd1zGm4ZOBnHTk0W0LWrOr\nSYveSBF4VcdCD1Pt+XNMvNpXa2FB7A8moITO0ht13ZXnO7dxWnHaeWQxy7+pFQitjnruYsnkxrsU\nccDBFP0/zJ/9EuXxj7kijr/9etaTS45JzI24seTzUsVjbIf9XkjvnvT5ROSsZ0yQRyLDCxkkH32q\nGe4A+ck7Rwv09fxroIrSyUZFvHzxnFMuLSzeNkNtERgfwjIzRYlTtocnc6sY12IMk+tcvq+oSuzR\nO5B6Nj+VausRGwu7mNiSIhuXP93nFco7PM7uerEkntWkF3FOXYY7FhhadHEQCZOT2pQEiBY8t60x\n5SRWpiMkODx09K7LwjeWmmeGtZuppIzK4VfJLgOwAwDg84yx/KuKc5qM9aT1EdNeeJrOZgE00kdC\nXcdPoP8AGrMdp4N1JEK6jcafcMOVkT5M9+eQB+Ncz9lDwLJHIC2MsM9KrqpU9qlRS2KlKT3NrXNF\nj0hoDb6nBfRThirwkEDGOuCfWsZpT0qTPHXNVzj1pi2FLFjknNJRilwcUhCUlOIPcUg78UwLdv8A\n6lakqOD/AFK/j/OpKCQooooAKKKKACiiigAooooAKKKKACiiigAooooAKKKKACiiigAooooAKKKK\nACiiigAooooAKKKKACiiigAooooAyqnREktnKqfMTnOeoqCp7KQRXSEkhT8rEdgaaLp25rPqQ7T6\nGp4bbzF3SSCMH7o2klvXgVfYSqxVmnyDg/OtOWQpiVnMZRSN0mG3A9uO/NUonVHDxT94ypoWhYAk\nMpGVYdGFMAJOAMk1PdTiXYiZKR5wSMEk9TS6dPLa6jbXEEYklhlWREK53EHIGPwqWcs1FS93YW50\n2/tIllu7G5gjb7ryRMoP0JFVa6gaY2uYuLKS5haS8jjkguzuTe5OCrfxYweCM49adqsFtP4YuLtY\n18yC8jiSRbJbcYKvuX5T8wyB15FIg5u7tZrK5e2uU2SxnDLkHHfqKhrv9Tisrdr6/kUvM175TkWS\nXOxRGpAwzALkluevHasa3uNLS+1AQWjWyyyr9nluLQTCEc5RkOcZyORkjFAHNorO6oilmY4AAySa\ntXmlalYoHvdPurdCcBpoWQH8xVr7PNa+K0t7hYllju1DCIYQHcOg7Ct3URbw2niB7K5mujNceVcR\nyR7BbjzN28Dcd3I254xn3oA4yiuy19NJsmv9OW2mZY48WxSwRdp4w5mD7mBHqO/QUW9qBquh2Y02\nB7S+toTOxgXLA8OwfGVIAzkH60AcbRXUxotlZ6Uun2FvereO4leSASF2EhUICR8vyhTxg/NmnXy2\nek2F8bG2tpymqSQRSzRiTEYXpzwfqfegDlnjeMKXRlDruXIxkeo9qbXX3l8ou9HN9Zxz232BHIjt\nUyG2sA3AG4A87SccVj+IIXV7a4L2zw3EW6J4LcQbgGIO5ABg5oAyKKKKACiiigAooooAKKKKACii\nigAooooAKKKKAHxf65P94VpVmxf65P8AeFaVABUEn3zU9atl4YvtRtUu4JbdY5M4DswPBx2HtSZM\ntjDjjaRwiDLHgCpmsrhDIrRMDHjcD79K6bTvBd2dQtxdS27wGQCRUkYEr3AOPSrf/CEXEVpesbtH\nkwpsm8xgAu8ZZhjqQcYHfNTYSRx81jdQECWFgzZGMZIxnP8AI/lThYTBZtxVZImRTGT8xLdMdu3r\n3FdXpvgq7KXDXV3EC8ZjhKTMuHx1PHI6DHv7VDZ+C715Xiup4A8gwkiu+UfPGRjkHoe469sEsOxz\nD2F0hdWgYFCAR36Z/Hj+Y9aHsLmOfyXiKv0wSMZxnGeldV/wiF0dRiWCeIWgdRgyuGcZ5Y8cE88D\npnv1qxqXhG7NvutpIIXExGFlmKlTk87s859OKLBY4s2k6xPI8TKqbc7hjrnH8jUOK7h/CFydMhDC\nzknMTF5JJZiQ29gCMfLwoXqOoqnB4Ivmtp8yW7Sjb5ZDtxzzn5aLCscnRzXV2ngm+a42zyWzLsfg\nO+d2w7f4f72KZH4J1EToJZbXaWG4bmyRn/do1DlOWxRiuytvBU/9qgTvA9oHbKLIwYrzgZ29elJd\n+BrmO3ja3uLdi0smHZmG6PC7QQBwc7s/XvRYOU47BoruJfBkqWMYjisTKYgWkaSbdu9Rj5f0rM/4\nQvUv+e9p/wB9N/8AE0WE0c3ilA7V0f8Awhepf897T/vpv/iaVfBep5/19p/303/xNLUaRnacm2Mk\n9+aaqmW+VAOr4roE8JakDtWa2wBgfO3/AMTV7TPBt3bzGeeaBn/hAY4H6Vm0zeJbg4UCpCOaupo1\nwv8AHF+Z/wAKk/si4/vxfmf8Kw5JG/MjLZR75qpIhZuc10H9kXH9+L8z/hULaJcE/fi/M/4Ucsuw\ncyMR1wMVDJB9ptLm3HV4zt+o5rdfQ7o9JIfzP+FQrod5HIGWSDj/AGj/AIU1GQNxaseYOjK7KwwQ\ncEUld/qHg6W8kZ98COf4gT+vFZEngXVEJxPaEeu5v/ia6U7nJKNjl6fF3roP+EL1Ln9/af8Afbf/\nABNUdT0W50jy/tMkT+bnb5ZJxjHXIHrVJakoo0UUDrVlHauM1Ay89q2zodz/AM9YfzP+FMOg3J/5\naw/mf8Kix1cyOh8Jx+XokR/vsx/Uj+lbucrj2rP0i1e20u3hYqSo5x05JP8AWtAKcj6UrGEndnLe\nIWMV3bzr1ZHjP5ZH6msoXAZrh5A26Xpj6j/Cui17T5bmBRGyArJuBYnphvb3FYo0i4wMyw/mf8KL\namsZKxkMVaVsEYwM+vWlsYohIzGUh15VfWtP+w7ks5EsOCvqfX6U6LRrmGKbDwFzkr8xHb6U+gKS\nNPT3CzzcfNtU/hzWir5x7/nWbc2Nx5Aa3aHzhjBYnHv0pP8AiaLCp/0Rm7/Ow/XbUpMbaNJ3zkL2\n6n09qgeT5sD9Krxi/kGHSBcDJ2yk/wDstWLe1nJy7Jj6n/CizBWsOjyzgHgVW1XU7TTA0t5MkalB\ngHq3PYdTUt7DfpYzPZGDzwPlMhOF9+hrzu88La3fXTz3N5byyuerOxP0Hy1SiRKSWxF4l8Sw6s5W\n3tWiGApd25YfQdPzrnfOAB5rpp/AmowNGrT2xcpucFmwDk8D5fTH45qJ/BeosxxNae3zN/8AE1or\nEXOZaTJzyabubuK6n/hCNTTkzWmf99v/AImlHgzUj/y2tD/wNv8A4mkI5PdR1rq28FaiRzNaD6M3\n/wATUX/CE6nuH7+0x/vt/wDE0xGTa2rxRvI5xlCNtV7MBrsD612L+FdQZGHn23I/vN/8TVOz8G6j\nFcB2ntMD0Zv/AImpNHZNWOauflkkA4+arawRnJCjHQe9bE/gzUnmdhPaYLEj52/+Jq6fCl92mtcf\n7zf/ABNDCLV3c5d4EBAUEEn1qu6lHK/rXWDwlqG4sZ7XJ4HzN0/75qCfwbqLyZWe06f3m/8AiaED\ntbQ5jirMUC4ywGTW4PBepZ5ntP8Avtv/AImrQ8J3/wDz2tf++m/+JoYRt1OZcAOQBgU2rWp2kljf\ny20rKzpjJU5HIB/rVWmjN7hRRRQIKKKKACiiigAooooAKKKKACiiigAooooAKKKKACiiigAooooA\nKKKKACiiigAooooAKKKKACiiigAooooAyqKKKANGK9iK5lXa/G8gZ8z/AD/WkiurZUIEXlDJyo+b\nd+J/L8az6KrmZusRMU9aWOR4pFkidkdTlWU4IPsabRUmBaudSv7tka6vrmcxnKGSVm2n2yeKS51G\n+uwRd3tzODjIllZs4zjqe2T+ZqtRQBbh1PUIJ3ngv7qOaT78iTMGb6kHJoh1PUbeSSS3v7qJ5TmR\nkmZS/wBSDzVSigB/mSCXzd7eZu3b8859c+tOFzcK8rrPKHmBEjBzlweoPrn3qKigC0dSvzZ/YzfX\nJthx5JlbZ/3znFXb/W7iWG3gs7m6hgW1jhljEhVXZRgnAOCPrWRRQBZtr+9tI3jtby4gST76xyso\nb6gHmofNl8nyfMfyt2/ZuO3d0zj1plFAFuLU9Qgijihv7qOOJt0apMwCH1AB4PJ/Oorm6uLuYzXc\n8s8hGC8rlj+ZqGigAooooAKKKKACiiigAooooAKKKKACiiigAooooAfF/rk/3hWlWbF/rk/3hWlQ\nAV6F4W/5F61/4H/6G1ee16B4XbHh+1H+/wD+hmgDYGQcijnHWm7jWD4rikXTJr6G8u4JIUAVYpiq\nn5upA69aQrHQUZOc559a5yS4n0XS7WWGeW5e5mjVzdSGTaGHOOmKnuNWuxqeoWcKw4t7YSoWBzn3\n5oCxuDilLM33iT9TXJWes6nb6HZyzeRcTXkixQE5BBJOS579umKmn8QX9pBqMVzDbm7s0R1KZ2OG\nIHTOe9AHThmC43HHpmgMV+6SPoa5bVLy8fTLae/tbbEl3EYkDMSqnPJII5/Spta16exuJUtXtZPJ\nQM8ZSRm/Erwv40AdKj7JN5G7r1NPadW6xD7+7JOTj0rk0uPtPizTrkLtEun78emTmrl9ql8dYXTN\nNjt/MEPnO8+doGcYAFAG8ZVMocRAAdVz1pVlUABowcNn2PP+RXO3GqakdRj02zitftIt/OmeTdsH\nOMDHPWs1tSOqXmg3LRiNxPKjqDkAgDpQB2pnyjLsA3Y6Hp+FQ1zE3iHUDHeXtvbW5srObymDk+Y+\nCASOw606fxBdrqotwttbwOEMT3Ct+9BHYjgfjQB0tSwxMzcA4965q41+8tdca0MdpBFlRG9wr/vc\n9cMOB+NLqXjG6s7qQwizmt4pQjIqSFh65b7oPtQ7jR2UMKxj1Pc1KBXH6deMvjbV5Ngy0MQx+Aqn\nr2uLpni2C/ljDFLFlVB/ESxxUcrKud6KdXIXHiTUbbT7Zpn09Lu4OQuyRxtxngKSSffpWbd+JZNT\n0S3mubKBnj1BYiDvC5H8QGQR16GjlY7o9BppridS8Z3dndSmEWc9vFKEZVSQsPXLfdB9qluLxj49\ntJdgyLJhj/gRo5WFzrzTSK5PWPFd1aamtjaQxbhF5jvJG7jrgABefxqOfxbfQabZ6lLZxpAzFLmJ\ngQ6nkArk9Pwo5WHMjrttIRXFaj4h1p/DkN4ptrd7iZdvlg5VCeBnPX1q1c6/rcWowadHBYyXEsBk\nLfMqKdx565xgdPWjlYXR0xgRm6Y+lcX8QIfKNhzkHzP/AGWrer+KbyxlkWA2UjQxhpY/LkZs9+Rw\no+tZnjK9N/aaVcbAgkjZwM9MhDVJMl2OWpR1FJSjrVCPZ8UuDVP7Y39xaPtjf3FqbMq6OjgGIYh/\nsj+VSng1hLrUihR5KfKMdTSnXJSf9Sn5mnYRp3o/cv8ASsmll1iSRCphQZGOpqn9qf0FFhpl5Pum\ngCqX2t8fdFKLxh/CKLBcvAnbjPSgH5W+orlrPUbg+Mb+NpHaEW6FYi52qeOQPWota8UXVjcTLamz\ncQoGeNkkZ/xK8L+NFgudjbn5mHqpq1CRgYrlZ7yfUdCZrZngluLcNG0blWQkZHIrFi8QXmqQ6JZx\nTSxyl/MumjcqxEfBBPXk0WC56LAclvamm1gSbzVjAbB+lcFbeJzpMOv3aWUO9bwjAZvnY8ZOSf0x\nV/R/F2oXt61teWkWPL3rLHFJGoOeVO7vRYLq5tai5e6P+yAP8/nVZBlqwNc8R3EGrfY7aKPeY/Nd\nnjdwOeAAvP41WtvEGp3V3a21vawRSTwM7CcN8jBiPxHH60xHWggd6iyF75zWXoerS6nYGWaJI5Uk\naNwhOCR6Zrkr6+ul1DUQl3qKzC5EdvskxCpJ6NngUguegdetATnNYNxqmpHUItMs47Y3K24mmebO\n30wAPeqcnii8bT7W4jtoold2SeWQM6RsP93nmgDrs/LUSfernr/xJcW0FgkYt5Z7pSxkVXeMAegH\nJq9oepTX9s8lxB5UkchQ/Kyhx2YA84oC5qH71PIzxUJc7s4pwmI7CgLkm2mOOaTzj6CkaQnsKAuK\nDz+NSVBu9qXeaAOA8Vf8jFdf8A/9AFZFa3ig58QXR/3P/QBWTTEFFFFABRRRQAUUUUAFFFFABRRR\nQAUUUUAFFFFABRRRQAUUUUAFFFFABRRRQAUUUUAFFFFABRRRQAUUUUAFFFFAGVRRRQAUUUUAFFFF\nABRRRQAUUUUAFFFFABRRRQAUUUUAFFFFABRRRQAUUUUAFFFFABRRRQAUUUUAFFFFABRRRQA+L/XJ\n/vCtKs2L/XJ/vCtKgArv/DH/ACALb/gf/oZrgK6/Qta0600iCC4uNkibsrsY4yxPYUAdLVbULKPU\nLGW0mZ1jlABKEA9c9/pVP/hI9I/5+/8AyG/+FH/CR6R/z9/+Q3/woAsXumW97YJZzGQIm0qythgR\n0OahtNEtrW4mn824mkmj8uQyvu3D16de1N/4SPSP+fv/AMhv/hR/wkekf8/f/kN/8KAGJ4cs1sja\nGa6eIMGj3ScxEZ5XjjrS/wDCPWZtbqB5biRrrAlmdwXIByOcY/Snf8JHpH/P3/5Df/Cj/hI9I/5+\n/wDyG/8AhQBYvNMgvLWC3laQJA6upUjJK9M8VWudAtLm4uZWluEF0AJkSTCvgcEjFL/wkekf8/f/\nAJDf/Cj/AISPSP8An7/8hv8A4UATQ6Tbw3dtcq8pe2txboCRgqO5460l9pEF7dJdebPBcIuwSQPt\nJX0NRf8ACR6R/wA/f/kN/wDCj/hI9I/5+/8AyG/+FADrnRLa4aGTzrmKaGPyhNHJh2X0J70R6HZR\nfYhF5iCyZmjAI+Ynru45pv8Awkekf8/f/kN/8KP+Ej0j/n7/APIb/wCFADZ/DtlPPK5e4SOZ98sK\nSYjdvUin3Oh291Lma4umi3BvI8z92COnGOPzpP8AhI9I/wCfv/yG/wDhR/wkekf8/f8A5Df/AAoA\ndd6JBeTl7i5unjLhzD5n7vI9sZ/WoJfDNlKs6Ga6WKaTzTGsnyhvUDH881L/AMJHpH/P3/5Df/Cj\n/hI9I/5+/wDyG/8AhQBah0+GHUri/VnMs6qrAkbQB0xxTLjSra5vxeTBmYQmHYcbSp65GPeoP+Ej\n0j/n7/8AIb/4Uf8ACR6R/wA/f/kN/wDCgCNfDlqqW6pc3atbFvKcSAMoPVc46VTvNEmQQ2OnwMbc\n3S3Uk0koO09CuOp6CtD/AISPSP8An7/8hv8A4Uf8JHpH/P3/AOQ3/wAKAIpfDNlKs6Ga6WKaTzTG\nsnyhvUDH881ffT4X1SPUSz+bHEYgMjbgnPp1qr/wkekf8/f/AJDf/Cj/AISPSP8An7/8hv8A4UAS\n32kwXlyl15s8Fwi7BLC+1ivoeDTZNGt5ja/aJZ5ltiSqSMGDse7ccmmf8JHpH/P3/wCQ3/wo/wCE\nj0j/AJ+//Ib/AOFACf2Baf2Y+nmScwF96ZcZjOc4U46fXNTQaRDDeQ3ZnuJZoojEGkcNuBJPPHXm\nov8AhI9I/wCfv/yG/wDhR/wkekf8/f8A5Df/AAoAS50C0ubi5laW4QXQAmRJMK+BgEjFY/i6Fba2\n023jJKRIyKT1wAorZ/4SPSP+fv8A8hv/AIVz/inUbTUPsv2SXzPL37vlIxnGOo9qAMClHWkoHWgD\n1Sisr/hI9I/5+/8AyG/+FH/CR6R/z9/+Q3/woA1aKyv+Ej0j/n7/APIb/wCFH/CR6R/z9/8AkN/8\nKANWisr/AISPSP8An7/8hv8A4Uf8JHpH/P3/AOQ3/wAKANWisr/hI9I/5+//ACG/+FH/AAkekf8A\nP3/5Df8AwoALrQ4rjUJL1Ly8t5ZFCt5MgUED8Kjk8OWkjTFri7/foFmAl4kwMAnjrUn/AAkekf8A\nP3/5Df8Awo/4SPSP+fv/AMhv/hQBoW0K21tFbxklIkCKT1wBjmqdlo1pY6hcXsPmeZPnIYjauTk4\n445qP/hI9I/5+/8AyG/+FH/CR6R/z9/+Q3/woAf/AGJZmK9ikDyJeyeZIGPQ+2BxUlhposnLC7u5\nxt2hZpNwUe3FQf8ACR6R/wA/f/kN/wDCj/hI9I/5+/8AyG/+FAEt9pMF5cpdebPBcIuwSwvtYr6H\ng0Q6TDFew3fnTySwxGIGRwdwJJyeOvNRf8JHpH/P3/5Df/Cj/hI9I/5+/wDyG/8AhQBa07T4dOge\nKBnZXkaQ7yCcn6Cq7aHZvHfJJ5jretvkyR8p7FeOP1pv/CR6R/z9/wDkN/8ACj/hI9I/5+//ACG/\n+FACz6HBN5Lm5uknhj8sTpIFdl9CcYP5Uh0K3W1jtre4ureJFKkRSY3567sg5o/4SPSP+fv/AMhv\n/hR/wkekf8/f/kN/8KAFk0Gya1toEMsRtc+TJG+HXPXn3q5Z2v2SEx+fNMScl5m3NVL/AISPSP8A\nn7/8hv8A4Uf8JHpH/P3/AOQ3/wAKANWisr/hI9I/5+//ACG/+FH/AAkekf8AP3/5Df8AwoA1aKyv\n+Ej0j/n7/wDIb/4Uf8JHpH/P3/5Df/CgDVorK/4SPSP+fv8A8hv/AIUf8JHpH/P3/wCQ3/woA5Xx\nN/yH7r/gH/oArKrQ125hu9Xnnt33xvtw2CM4UDvWfQAUUUUAFFFFABRRRQAUUUUAFFFFABRRRQAU\nUUUAFFFFABRRRQAUUUUAFFFFABRRRQAUUUUAFFFFABRRRQAUUUUAZVFFWbMcSMvLjAGO2TjP+fWh\nFQjzOw6G1cDfNC+CQqAqfmJ/pVgwTbT5kKlB2EBU/mBTSq20npIf4GL/ADfgV5ouVlWR0jSLaGID\nMkYDDPGOKu1jsUYwjsUp4xHIQpypAKn1B5FNRWd1RFLMxwABkk1NeqUlQEY/drx+H+OafpN0ljq9\nleSJvS3nSRl9QrA/0qXuclRWk0WrrRDZpILnUbFLiIEvbeYxcH+7kLtz7Zqm+n30dot3JZ3C2zdJ\njEwQ/jjFaOp6WouLi8g1CxuLZnaRSLhRIwJzjYTuz+FbNzcwDVdU1Vr+3k0+6tpEigEwLncmETy+\no2kjqMDbxSIOXt9M1C5j8y2sbmZCM7o4mYY6ZyB7GkfTb+NInksblUmIWNjEwDk9AOOa2Ir5UtfD\naLdKot53eQB8eWTKOT6cVd0y8jm1jVTJcq7T38DR5fPmYn6j149O1AHMTWF5BAs89pPHCxwsjxkK\nT6Zq3Po10JreKzjmu3mtkn2xREldw6YGfzrYvVSxHiB7m+tp0u8xwRRyh2ZvNBDFeq7QD1A64qRh\nYXNnG6TWk13HZ20YhnuvKj24bfkhhkghflz3oA5qKwuJJLmNkMcltGZJFdSCAMZGMcHnvSrpmovA\nZ0sLpogu4uIWKgYznOOmK6TUbyzfWdTkiubdkk0lI1ZH+VnCRggZOSeDweeKba38P/CT+HGku4/s\n8EECSEyDbGP4gT0HXmgDnItOvp7ZrmGyuJIFzulSJiox6nGKq101mY7rR4o9TmtUhggkWGaO6CzR\n/eOwx5ywLH079a5mgAooooAKKKKACiiigAooooAKKKKACiiigAooooAKKKKAHxf65P8AeFaVZsX+\nuT/eFaVABRRRQAUUUUAFFFFABRRRQAUUUUAFFFFABRRRQAUUUUAFFFFABRRRQAUUUUAFFFFABRRR\nQAUUUUAFFFFABRRRQAUVV+2f9M//AB6j7Z/0z/8AHqALVFVftn/TP/x6j7Z/0z/8eoAtUVV+2f8A\nTP8A8eo+2f8ATP8A8eoAtUVV+2f9M/8Ax6j7Z/0z/wDHqALVFVftn/TP/wAeo+2f9M//AB6gC1RV\nX7Z/0z/8eo+2f9M//HqALVFVftn/AEz/APHqPtn/AEz/APHqALVFVftn/TP/AMeo+2f9M/8Ax6gC\n1RVX7Z/0z/8AHqPtn/TP/wAeoAtUVV+2f9M//HqPtn/TP/x6gC1RVX7Z/wBM/wDx6j7Z/wBM/wDx\n6gC1RVX7Z/0z/wDHqPtn/TP/AMeoAtUVV+2f9M//AB6j7Z/0z/8AHqALVFVftn/TP/x6j7Z/0z/8\neoAtUU2J/MjD4xntTqACiiigAooooAKKKKACiiigAooooAKKKKACiiigAooooAKKKKACiiigAooo\noAKKKKACiiigAooooAKKKKACiiigDKqaCZYkkVolffjqSOn0qGigcZOLuif7Qq5MUKo/97JOPpmo\nKKKBuTe4UUUUEhRRRQAVLazva3cNzGFLwurqG6Eg55qKigCS4la4uJJ3ADSOXIHTJOajoooAKKKK\nACiiigAooooAKKKKACiiigAooooAKKKKACiiigAooooAKKKKAHxf65P94VpVmxf65P8AeFaVABRR\nRQAUUUUAFFFFABRRRQAUUUUAFFFFABRRRQAUUUUAFFFFABRRRQAUUUUAFFFFABRRRQAUUUUAFFFF\nABRRRQBlUUUUAFFFFABRRRQAUUUUAFFFFABRRRQAUUUUAFFFFABRRRQAUUUUAFFFFABRRRQAUUUU\nAFFFFAGha/8AHuv4/wA6lqK1/wCPdfx/nUtABRRRQAUUUUAFFFFABRRRQAUUUUAFFFFABRRRQAUU\nUUAFFFFABRRRQAUUUUAFFFFABRRRQAUUUUAFFFFABRRRQBlUUVLbQ+fIVLbVClicZwBQOMXJ2RFR\nV4WUDAFZpiD0IgNOWwif7s8nXbzERz+dVys2WHqP/h0Z9FKylWKnqDikqTAKKKKACiiigAooooAK\nKKKACiiigAooooAKKKKACiiigAooooAKKKKACiiigAooooAKKKKAHxf65P8AeFaVZsX+uT/eFaVA\nBRRRQAUUUUAFFFFABRRRQAUUUUAFFFFABRRRQAUUUUAFFFFABRRRQAUUUUAFFFFABRRRQAUUUUAF\nFFFABRRRQBT8hfejyF96morK7Ah8hPel8hPepaKLsCLyE9/zo8hPf86loouwIvIT3/OjyE9/zqWi\ni7Ai8hPf86PIT3/OpaKLsCLyE9/zo8hPepaKLsCHyV96TyV96nppFO4iHyl96cIU9D+dOp46U7iu\nR+Qnv+dHkJ7/AJ1JRTFdkfkJ7/nR5Ce9S4oxRcepEIEPr+dOFqp9fzq/YWM97OIrdMk9T2H1rrrP\nTdK0rat4UnlAyxI4zmpcikjhk05nGUR2+gJok05ogPMjkXP94EV6FJ4jsLchbeFVX2qrL4qt3PQA\nHtjPalzMLHBG2Qdj+dJ5Ce/512kt1o94Qbq3jLsPvxnBrIvdGAjNxp0onhOflxh1/DvRdhYwfIT3\n/OjyE96lIxRTuydSSFdsQA7U+mp9wU6rWxQUUUUwCiiigAooooAKKKKACiiigAooooAKKKKACiii\ngAooooAKKKKACiiigAooooAKKKKACiiigAooooAKKKKAMqrWn482Tdnb5TZx9Kq1b0/AmkLDI8ps\nj8Ka3NaP8RDlKbRt+17e2DxVi15ZcC58vzBu3EYzkdf0/SmRvJsXy4LzZjja7YxU1uWJBaKYJ5g3\nb5Oc5HUdeuP0q0dlNK61/BmVN/rpP94/zqWwgS6v7e3lmWGOWVUaRuiAnBJ+lRTf66T/AHj/ADpY\nPJ89PtBcRZ+fZjdj2zWZ58t2blzpenjVINNWG/s5XnEZkumBVlJxkBVzzxjqOetVptF3axc2Vndw\nSRQB3eZiyrEqnHzEqDnp0B5IxVoazZWdjHa2j3l2EuY51NyqoIthOQgBbr3OR06Uwapp8ep6g0f2\np7PUYmSXcirJGS4cbeSDggdxnnpQIrNoN01zaxW0sFzHd7vKmjY7Dt+9ncARgcnI6VPZ6Tbbr1Dc\n298Us3kjNuX+VwygdQM9fcVNb67aWDWVtZxzy2cHnea0gCPJ5q7GwASBhQMcnmotP1Ox0a6nn0ya\n8Z5LZo0eSFFKOSCDjceBjr+lAGZqFjJp84gneMzbQXRDkxn+63bPsM4qrV/V7q1vboXVtE0Mkq7p\n48DYJO5XnoeuO2aoUAFFFFABRRRQAUUUUAFFFFABRRRQAUUUUAFFFFABRRRQAUUUUAFFFFAD4v8A\nXJ/vCtKs2L/XJ/vCtKgAooooAKKKKACiiigAooooAKKKKACiiigAooooAKKKKACiiigAooooAKKK\nKACiiigAooooAKKKKACiiigAooooAhooorEAooooAKKKKACiiigAooooAKKKKACkIpaCKYDKcOlN\nIpw6U0Swp1Np1MEFWLO1kurmOCIZZzge3vVcda6zwzbra2UuoS43SDbHnsB/9f8AlUt2KWpbdLfQ\ntNMUDbpnGWc9zXKXNxPPIXkZiT3rpbqI3soeTj2FNOmQlcbfyrPnSNFBs5pIpJOgJp72Eo/hJrpL\nexSHOFzU5iG37oqfaFKlc414JI+oIqS3up7eVHViNnQV0V1ahskCsa7twmQVxnvVqdyXTsR3zRXk\nRuo1CSZ/eqOnJ4NZ9WofkY7vusNpHtVd0Mbsh6g4q0Zj0+6KWkT7tLWqAKKKKACiiigAooooAKKK\nKACiiigAooooAKKKKACiiigAooooAKKKKACiiigAooooAKKKKACiiigAooooAKKKKAMqpbabyJCx\nXcpUqRnGQaiooHFuLui4Lm2AwLaT/v8AH/CnJewJylu/B3YMxIz+VUaKfMzVV5ra33L/ACFZizFj\n1JzSUUUjEKKKKACiiigAooooAKKKKACiiigAooooAKKKKACiiigAooooAKKKKACiiigAooooAKKK\nKAHxf65P94VpVmxf65P94VpUAFFFFABRRRQAUUUUAFFFFABRRRQAUUUUAFFFFABRRRQAUUUUAFFF\nFABRRRQAUUUUAFFFFABRRRQAUUUUAFFFFAENFFFYgFFFFABRRRQAUUUUAFFFFABRRRQAUUUUAIRQ\nBS0UwsLRSClqhCrXZMqw6dZ2qEE+WpbHvz/WuOFdhsY3aKTwiKMfhWc3oXBXZdgiyBVtYRjpTYVw\noFWkFch1kPkj0pjQj0q4VpjCmBlzQ4rLvrcOpGOa35Vzms65QGnF2Ymro5Z4Gwy9h+tVrkETc9SB\n/hXRPAqP5jDisG/wZA2MZzXTF3OaSsQp90UtIv3aWt0QFFFFABRRRQAUUUUAFFFFABRRRQAUUUUA\nFFFFABRRRQAUUUUAFFFFABRRRQAUUUUAFFFFABRRRQAUUUUAFFFFAGVRRVqC2V4vNkfAwSFHU4pp\nXKhBydkVaK1mSxVirFVI7eWT+uaaPsJPLpjA/wCWR6/nT5Td4Zr7S+8y6Kt3ywjy2gwVOeQuM/hV\nSk1YwnHllYKKKKRIUUUUAFFFFABRRRQAUUUUAFFFFABRRRQAUUUUAFFFFABRRRQAUUUUAFFFFABR\nRRQA+L/XJ/vCtKs2L/XJ/vCtKgAooooAKKKKACiiigAooooAKKKKACiiigAooooAKKKKACiiigAo\noooAKKKKACiiigAooooAKKKKACiiigAooooAhooorEAooooAKKKKACiiigAooooAKKKKACiirvk2\n9qq/ag0krDPlqcY+pqkrmlOm536JdSlRV1fsVwdgRrdz907twz71VljaGVo3GGU4NDjbUc6TiuZO\n68hlLRQOtMxJIkaWQIgyzEAAdzXX2ZL3L7xggDI9K5jSiF1K3J6eYv8AOuwSJku52ABzggVhVfQ2\npLqT+dMpyluXX1zViC/hf5XDRt6MKwZLi9lujF5gt+CRvOM0lpc3fmHzJIpVABIbqfofWo5NC+fU\n6sMCMiqt1dLDxtLMegFOt2BiG3gEVTu5WCuUxu6AntWa3NOhG0l5PyFSFfVutQNHMh+d1kX1AxWb\nepOsgD3m/PXY2QKdZC6MxVZHaIH7zDrWjjoZqWpLqDbYOOuawbmCSWEzomUQ/NjtXQ3aFoyKWKBV\ns2h/hIIb3pxlZDcOZnJL0paUjBI9KSutbHMFFFFMAooooAKKKKACiiigAooooAKKKKACiiigAooo\noAKKKKACiiigAooooAKKKKACiiigAooooAKKKKACiiigDKq7YndG6dSvI+hGD/SqVWtNcJepu+6x\n2n8acdzWg7VEWHYrK43Y5/vY7VZ0e4toWn+0sgyRjdzmoZmWO5mUuBh8fexTPNT/AJ6D/vv/AOtV\np2Z3Rl7OpzX2uRaiyu+6MgoXcjH1qXw8llJr9jFqUXm2kkwSRdxXg8ZyCDxnP4VWuTmOMg5GW/nV\ndSVYMpIIOQR2qHucNZ3m2egWXg6yEGtQXcRN2biWDTjvI5RC+cZ5yMDnNQ6follDfeFbRbeD7dex\nPcXDXCGVGUglAU3AdAfSqeoeOp7zVtKv0shEbB/MdBLnzmIAY9OMgY71XfxcW8Y2+v8A2ELHbqEj\ntRLwqhCuN2PcnpSMjZPhpdU8NaaLeK3t2W5uWurvywoSNWPJPXA7DNYr6fbr4N1C6tZYJ4Yr9Ykm\ne12ysNo6NuO1fbBqa18c3dnZ2Vva2+xbe4kllBkys6uSShGPc881Su/EFvJot7pVnpv2eG5uxcr+\n+3eXgAbR8oyKAMCiiigAooooAKKKKACiiigAooooAKKKKACiiigAooooAKKKKACiiigAooooAfF/\nrk/3hWlWbF/rk/3hWlQAUUUUAFFFFABRRRQAUUUUAFFFFABRRRQAUUUUAFFFFABRRRQAUUUUAFFF\nFABRRRQAUUUUAFFFFABRRRQAUUUUAQjmnBHKswRtqEBjjgZ9aSN2jdXQ4ZSCD710cus21vHc3dpb\nxNcal/x8xSSmSMZO44TaMZPqSRzj1rJIDNn0S8is7W5RPOW4A4i+bYzHCqcfxH098dahl0u/ivFt\nGtJTcMu5Y0XeWHPIxnPQ/kauReIrm3VxZ2djas5Ul4omDfKwYdWI6qO1W5PFSsqRJpVosX2fyJNp\nZWILFm2kH5RuOcc/rT0AxYdPvJ8iK3ckSeUQeCHwTjnvhW/Krel6Hc6heC2LLCxijlUvzlXdFU8f\n74NXW8X3hnklWw04NJL5pPlMTuwRnO7rhiPxqMeKb1ZVlhtLCGRRGoaOEg7UKlV5bplV/KjQDGii\nMtykAIBZwufTJxWiNBu3hvZISsptZjF5acu+3O5gvXAA/X60tlqttHbwRX1m85tZmmgKS7BlsZVu\nDkZUHjB6/hIniSaO9F4mm6atwJPM8wRNndnOfvUaAVbHThNbS3FwJFi8p2jZeQSuMk+w3D86a2l3\nMcFw0i7Zbe4S3aLqdzBj/wCyfrV9PFFwkHkLp2mCLa67fIbGGxu/i77R+VVtS1261FXDw20JkmE8\njQIVLuAQCSSem4/nRoBNfaD9mmsIEnDSXU5t3OQQki7Aw49Cx/DFUr3Sb6xj825t3SLdtDn16jI6\njIGRmrq+J7/MbXENlctFKZo2ltwCjnBJG3HJIBOepFPj8SMzTLcadYGO4O+bbCzF2GSCcv6n9TRo\nBRg028F80T2zboJ0ilXj5WJOB/46fyqU2d02sbjESMibOR/q92M1ffxdcJfTz2tlY/vJxNveAhmY\nE7WOGxnk/nVZNZWWG4jmjjhedPL8xEztXOcDJJAzVxtax00ZJx5b2d0/UfqukolnJeR4V1MZaNSO\njglTj3A4qPUdNuJJbbyY2kklJh4K8uoBx164P09M1INaMNg1o063cZRVCtbquNv3ctjccdBzwOKl\ntvFDhFW5t7dTDkwvFbgsjHAJ5YDOB1OTwKcmtfMuvNWle15PZbIy7PS7q6mWJUIeS3aeIYyZFAY8\nAdyVIqO8sLuwZBdwtH5gJU5BBxweRxWoniU23krZafbBYLf7OrzZeQqc5yQR13Ht3qhf6pJfW8EB\ntraCKAsyLAhUZbGc5J/uioOIrW77Jkf0INd8DmcuOjAEGvPhxXZ6LeR3NhEpkBlT5SpPOBWFVdTe\ng+hqPbRTjLxq31pE0+2Q5ESirVuRt5pWcZwKwub2RGMDgVUBHnEHuatqhZs5qldIUlyvahBYsG2i\nbny1/KoJ1EanaMVbtZA8fPWobzBHFNAkUUjEkUhbpim7hHDJKcBFBJqdsQWcrOcADJNYOs6jC1kL\na2k3lzlyOgHpVpXdiZS5UzEJ3MSe9JSL0pa7FscgUUUUwCiiigAooooAKKKKACiiigAooooAKKKK\nACiiigAooooAKKKKACiiigAooooAKKKKACiiigAooooAKKKKAMqlBKkEdRSUUAWJLoyuXkhiZj1O\nDz+tN89f+eEX5H/GoaKdy3Uk9WSSymQKNqqF6BajoopEttu7CiiigQUUUUAFFFFABRRRQAUUUUAF\nFFFABRRRQAUUUUAFFFFABRRRQAUUUUAFFFFABRRRQA+L/XJ/vCtKs2L/AFyf7wrSoAKKKKACiiig\nAooooAKKKKACiiigAooooAKKKKACiiigAooooAKKKKACiiigAooooAKKKKACiiigAooooAKKKKAI\nBS0CisQCiiigAooooAKKKKANGLTWuNHiubWOWW4a6aFkUZAG1SnHqSW/Kty78KW0ZuBBcRsVM4jD\nXcWTgqI889/mz9O1cvBc3FsWNtcTQ7xhvLcruHocdRUVVdAbY0q0W/ezNxGZxaK6hp02Gf5SULdM\nY3d+uOau2mmW8XnXOpx2UDlHWGGO4SRW/cyksRuY5DBMHPX3rmpJZJSvmMW2qFXPYDoKZRcDsV8N\nWsN/pl3avHNYm72ytPcxMssalDvA44IJyvJGPeqlx4cha3LW2VkimVSJL2A+chzllAPykYHBJ69e\nK5xpZHREeR2SMEIpYkKCcnA7c0yi6A39b023igt7pQsDNIIXhe4il+UKMPmMDHAOeM55yc0urWIv\nPEv2W2+zRQSsy2xiWPBHO0fJ1zwATzyK5+gHHQ4ouBs2nh+e508XAkWGQTeW0VxiLI7lSxG7HcdR\nx1qXxPZWdlNAtpKpYb4yolSTKLgI+UAxuGeDzxWbqOoz6jKklx1RSo+d24yT/ExPfH0AqpTELWno\nEgj1WEk4DEr+YrMFSQsySB1OGU5BqZK6sOLsz0gEqpxSow6bhnvUNhcLdW0co6kcj0NTFAkglVRu\nAwfcVxrsztTuPC9xjNVpIfmLM2SferqTRNnfb4HqKhuJI1AMUOfXcarlGr9iqjhTtzz2p0oPBNNi\nRWm8xlAI+6PSpJjuYAVL0GZusy+Vo8p/ichR+dcWxyecV1XiptkEMH1b8a5M10UloclV6j1+7S0i\n/dpa6UZhRRRQAUUUUAFFFFABRRRQAUUUUAFFFFABRRRQAUUUUAFFFFABRRRQAUUUUAFFFFABRRRQ\nAUUUUAFFFFABRRRQBlUUUUAFFFFABRRRQAUUUUAFFFFABRRRQAUUUUAFFFFABRRRQAUUUUAFFFFA\nBRRRQAUUUUAFFFFABRRRQAUUUUAPi/1yf7wrSrNi/wBcn+8K0qACiiigAooooAKKKKACiiigAooo\noAKKKKACiiigAooooAKKKKACiiigAooooAKKKKACiiigAooooAKKKKACiiigCGiiisQCiiigAooo\noAKKKKACiiigAooooAKKKKACiiigBaKSiquAo609eoApg61IgIb0oBHTaRdNBKidUcYI/rXTKdw4\nrkLY4uYB7iupjOBkVyT3OqGxaA4qN1pRKuKY8q4qbmlyJ/lqJpfK+bq56D096a8pdvlFQyA9T1oE\nYvihmMtuxPBjOfzrnj1NdD4lUm3tZOwLL/Kudrqp/CclT4iRPuilpF+7S1uiQooooAKKKKACiiig\nAooooAKKKKACiiigAooooAKKKKACiiigAooooAKKKKACiiigAooooAKKKKACiiigAooooAyqKKKA\nFVSxwoJJ7Cn+RN/zyk/75NS2HlefiWV4iRhJFONp9/apZZL+2uRFNcTA5H/LQ4IppaXNo048vNL8\nCkQVJDAgjsaSreqf8hKf/eqC3ha4uIoEIDSOEBPTJOKGrMipHlk49iOipbq3e1u5raQgvDI0bFeh\nIOOPyqS50++tIklurO4hjk+40kRUN9CRzSIK1FXv7H1T7Kbr+zbz7Oq7jL5DbAvrnGMVE+n30dot\n3JZ3C2zdJjEwQ/jjFAFaiphaXLTRQrbymWUAxoEO5wehA75q1No2oQaXDqUltL9lmyQ+w4UZABJx\ngZJ49aAM+iiigAooooAKKKKACiiigAooooAKKKKACiiigAooooAKKKKACiiigB8X+uT/AHhWlWbF\n/rk/3hWlQAUUUUAFFFFABRRRQAUUUUAFFFFABRRRQAUUUUAFFFFABRRRQAUUUUAFFFFABRRRQAUU\nUUAFFFFABRRRQAUUUCgCJAGkUEEgkcDqa1ZbILNewHTZo5bZczDzQfJwQCffPTv14rp18G6arhhN\nd8HP31/+JrUudLtrhJlZpgZ9wlYMMuOdoPH8IJA9vpUJAcAsdte+YbSxnRLeNpZNkgY7Rjk57D2z\n9PRsRjlhuTHY74VlSThgWQYYYz1wSy59MDuRXdadoNpp0ZS3eU73DOZAj7gAQByvA5bp61DZeGLG\nxvBc2092jrnGJBxkEddvvRYDkEtrdtQ+xtZSCVXYuhnUYAGSpYkAYAPU565plzFa2sw8+2bZKu5f\nLnRwBnB2suQeQRXY2XhawsrtbmOa7LqGA+dR1UjP3evNOvvDVlfCHzp7xjEhQM0iliMk8nb7miwH\nE6nZm0IQxRxlHKMPtMcj5z0KqcjHTpVN4pI0jd1wsq7kOeoyVz+an8q9G1Lw9aajIzzXN/8AM5fY\nZVKqTnoNnHX1qCXwnpk0EEbveZgjMakSLggszcjb6saLAcAYpBAs5X927lFbPUgAkf8Ajw/OgRSG\nB5wv7tHVGbPRiCQPyU/lXoaeD9Lk09LeS4uQqSs64lUHLBAc/KePlH60i+DtNWynthdT7WlSQkuu\nSVVgMfL/ALZ/IUuUDg49Pu5I7d0gYpcOUibIwzDt7fjTbW0mu/MMIjxGu5mklWMAZx1YgdTXpGn6\nBZ2awBJpXRM5jdhgkEsD04IJ4PuR0JqOw8K2FiswhvbpTMBGWWVQQAQcg7T6U+UDzaWNopCjFCV6\nlHDj8wSDTa7+fwdpzzyO1zeMS2SxkUk++dtR/wDCGab/AM9rv/vtf/iaXKBwlFd3/wAIZpv/AD2u\n/wDvtf8A4mj/AIQzTf8Antd/99r/APE0WYHCUV3f/CGab/z2u/8Avtf/AImj/hDNN/57Xf8A32v/\nAMTRYDhakiJ3jPNduPBmm/8APa7/AO+1/wDiat23gbTiQzzXQX03rz/47Q0COd02JprmOTnanJrp\nI+la0Xh6xhQJGZVUdgR/hU66NbDo8v5j/CuaUGzpjJJGKPakkUkGt4aRb/35fzH+FDaRbkffl/Mf\n4UvZyHzo5xUAzUMo4NdN/Y1t/fl/Mf4VG2iWp6vN+Y/wo9nIftEcbqEK3Vg0DHDA7lPvXJyxPE5S\nRSGFerSeHbNv+Wk4/wCBD/Cq83hLTp02yNOffcMj9K1gpLQxmlLVHmSfdpa0NdsItM1iezgZ2jj2\n4LkE8qD2+tZ9dC2MgooopgFFFFABRRRQAUUUUAFFFFABRRRQAUUUUAFFFFABRRRQAUUUUAFFFFAB\nRRRQAUUUUAFFFFABRRRQAUUUUAZVTW1wbdywijkyMYdcioaKBxk4u6NW2vJrqYRxWdrnqSY+APU0\nanex3EkMESoViIG8DGT7e1Z8Egjk+bfsYYYK2CRVgS6eCCLefj/poP8ACr5tLHZGvKVPlct97/8A\nDDdU/wCQlP8A71N0xlTVLR3YKqzISScADcKZdzC4upJgu0Oc49KhqXuc1VqVSTXdnTXFtHY+Jhqt\nzPYz2QvxKyw3ccjMm/P3VJPT2p0xNvZawLm/gvTflRbpFMJGd/MDbyByvAI5wecVy9PhleCZJom2\nyRsGU+hByKRmdr4ggZY9Xmt8XDXflyXEKzxn7OFIYjaGL8H5eVGBUNzdQDVdU1U39vJp91bSJFAJ\ngXO5MInl9RtJHUYG3isKbXJHW58mytLeW6UrNLErbmBOSPmYgZ9gKyqAOy05raXXdD1Fr60itreC\nFJTJOqsrKMEFSc9e+Me9Y13suPDOntFPDutGlWWMyKHG5gQQpOSPpmsaigAooooAKKKKACiiigAo\noooAKKKKACiiigAooooAKKKKACiiigAooooAfF/rk/3hWlWbF/rk/wB4VpUAFFFFABRRRQAUUUUA\nFFFFABRRRQAUUUUAFFFFABRRRQAUUUUAFFFFABRRRQAUUUUAFFFFABRRRQAUUUUAFKOtJSjrQB6x\nRUeT60ZPrSsBJRUeT60ZPrRYCSqcmq6bFI0cuoWqOpwytMoIPuM1YyfWub122t/7c0j/AEeL97M/\nmfIPn4HX1osB0sUkc0ayQusiMMqynII+tK7qilnYKo7k4Fc7c3QsfFNtC04t7T7IcJu2x7snt0zW\nJcTy3fhbz5rqdwL7GTIfu5GPy7UWA7+iuQuJgdVhsW1eeGxW3aRJxccyPuOcv3x6e1Vob7UryDRk\nN7NE00ssZlU4LqMAHHc9aLAdi15brerZmT9+6FwmDyvrnpU9c1vls/Etra/ariSFLJi29ySxBPJ9\nTWVBqtxJqGn3NvcTiK5udhjkut5Kk45THy/nRYDsra9t7uSeO3k3tA/lyDaRtb0560PfWaT+Q91A\nsv8AcMgDflWL4cJ+3a1z/wAvjVlyPaadqbzqbLUIrm6yVODPE5Pb2BosB21Fcjem6uNZ1iMX91FH\nb26yIschUBtv+frUFvc30K6Ld/brmaS7JWSN3yjcccdqLAdrUVvcQ3N9NZQvunhUNIuCNoPTnpXE\nW+pXQtbO+GpzSX8t1sktC+VAyRjZ24xz71Lqt/fWniDVXtGkRWjhE0yfeiTAyQPWiwHosVsFOWO4\n1ZArzfUdQvf7RtbK21CYWn2YSRyNdmMynPUvg5+lTSajqtha6bqdzfvMkbNFceXLuR1JIDehI9al\nxZSdj0KlFcf4euNR/sg3dzcTST3JaYK7k7QeijPQf41g6Rqes3MtvcnUsSNPiWOS76jOCojxwfSl\nyBzHqAoNeaT3+rR3kugLe3XmTXSvHN5rbhCck4brxjFQHU9anvLxk1IwSwTlEWW72Kqg8AoR82R3\nzRyMOY9QNJXnWqajfW2stNc6jcPbF0UR210FMR7gp/FXXfaZv+ejUcjHzGqRSEYrL+0zf89Go+0T\nf89Go5GHMcD4y/5Gi8/4B/6AtYla3ili3iG6ZjknZz/wAVk1oiAooooAKKKKACiiigAooooAKKKK\nACiiigAooooAKKKKACiiigAooooAKKKKACiiigAooooAKKKKACiiigAooooAyqKKKACiiigAoooo\nAKKKKACiiigAooooAKKKKACiiigAooooAKKKKACiiigAooooAKKKKACiiigAooooAKKKKAHxf65P\n94VpVmxf65P94VpUAFFFFABRRRQAUUUUAFFFFABRRRQAUUUUAFFFFABRRRQAUUUUAFFFFABRRRQA\nUUUUAFFFFABRRRQAUUUUAFKOtJRQB6pRXK/8Jj/1D/8AyN/9jR/wmP8A1D//ACN/9jQB1VFcr/wm\nP/UP/wDI3/2NH/CY/wDUP/8AI3/2NAHVVHJDDI6PJEjvGcozKCVPt6VzP/CY/wDUP/8AI3/2NH/C\nY/8AUP8A/I3/ANjQB0s9tb3G37RBFLt5XegbH0zSfZbbynh+zxeW5LMmwYY+pFc3/wAJj/1D/wDy\nN/8AY0f8Jj/1D/8AyN/9jQB0TWNm8KwtaQNEn3UMYKr9BTzbQExkwRkxf6slB8n09K5r/hMf+of/\nAORv/saP+Ex/6h//AJG/+xoA6YwwmcTmJDKBtD7RuA9M+lRrY2aNuW0gVtwfIjAO4dD061zv/CY/\n9Q//AMjf/Y0f8Jj/ANQ//wAjf/Y0AdNHDFEztFEiGQ7nKqBuPqfU0xbK0WbzltYBLnO8Rjd+dc5/\nwmP/AFD/APyN/wDY0f8ACY/9Q/8A8jf/AGNAHSm2gLySGCPfKNrtsGXHofUUgtLYCIC3hAh5jGwf\nJ9PSub/4TH/qH/8Akb/7Gj/hMf8AqH/+Rv8A7GgDpBaWqzmdbaETHrIEG78+tL9ng8ySTyY98g2u\n20ZYehPeua/4TH/qH/8Akb/7Gj/hMf8AqH/+Rv8A7GgDomsLJoVha0tzEn3UMY2j6DFVNS0k30cd\nstx5FkMb4I4wN+Dnr2rI/wCEx/6h/wD5G/8AsaP+Ex/6h/8A5G/+xoA6lVCKFUAKBgAdhUP2K08/\nz/ssHnZz5nljdn69a5z/AITH/qH/APkb/wCxo/4TH/qH/wDkb/7GgDYtNKaLUn1C6umuZyuyPKBR\nGuc4AH86tyWVpLKJZbWB5B0dowT+dc5/wmP/AFD/APyN/wDY0f8ACY/9Q/8A8jf/AGNAHRtZWjT+\ne1rAZuvmGMbvzqeuV/4TH/qH/wDkb/7Gj/hMf+of/wCRv/saAOqorlf+Ex/6h/8A5G/+xo/4TH/q\nH/8Akb/7GgDK8Tf8h+6/4B/6AKyqt6nef2hqEt15fl+Zj5c5xgAdfwqpQAUUUUAFFFFABRRRQAUU\nUUAFFFFABRRRQAUUUUAFFFFABRRRQAUUUUAFFFFABRRRQAUUUUAFFFFABRRRQAUUUUAZVFFFABRR\nRQAUUUUAFFFFABRRRQAUUUUAFFFFABRRRQAUUUUAFFFFABRRRQAUUUUAFFFFABRRRQAUUUUAFFFF\nAD4v9cn+8K0qyqKANWisqigDVorKooA1aKyqKANWisqigDVorKooA1aKyqKANWisqigDVorKooA1\naKyqKANWisqigDVorKooA1aKyqKANWisqigDVorKooA1aKyqKANWisqigDVorKooA1aKyqKANWis\nqigDVorKooA1aKyqKANWisqigDVorKooA1aKyqKANWisqigDVorKooA1aKyqKANWisqigDVorKoo\nA1aKyqKANWisqigDVorKooA1aKyqKANWisqigDVorKooA1aKyqKANWisqigDVorKooA1aKyqKANW\nisqigDVorKooA1aKyqKANWisqigDVorKooA1aKyqKANWisqigDVorKooAKKKKACiiigAooooAKKK\nKACiiigAooooAKKKKACiiigAooooAKKKKACiiigAooooAKKKKACiiigAooooAKKKKACiiigAoooo\nAKKKKACiiigAooqxY2kt9eR2sGN8hwMnAFAFeiur1TQLpYY7LTrFWjj5edioaRvzyB7Vmf8ACM6v\n/wA+v/j6/wCNAGPRWx/wjOr/APPr/wCPr/jVG90+7sHC3cDxFumRwfoaAKtFFFABRRRQAUUUUAFF\nFFABRRRQAUUUUAFFFFABRRU9layXt3HbQ48yQ4XJwKAIKcqs7BUUsT0AGa2mstG0/wD4/bx7uYdY\nrcYXPoWNNfxA8KGPS7SCyX+8o3P/AN9GgDGZWRirKVI6gjFJW0viBp08vVbOC9X++w2v/wB9CnLY\n6NqHFlevazN0iuRkZ9AwoAw6Kmu7aSzupbabHmRNtbByM1DQAUUUUAFFFFABRRRQAUUUUAFFFFAB\nRRRQAUUUUAFFaNnomo31uLi2g3xkkA7gOn1Nbdlp+p2tssLaHZzkZ+eTaWP60AcnRXZ+RqX/AELm\nnfkv+NQ3b3llbtcXPh7TkiUgFtoPX6GgDkqK2/EBhkttOuYraGAzQlmWJcDO7FYlABRRRQAUUUUA\nFFFFABRRRQAUUUUAFFFFABRRRQAUUUUAFFFFABRRRQAUUUUAFFFFABRRRQAUUUUAFFFFABRRRQAU\nUUUAFFFFABRW54Xv4LG5nM9k9yXTjYgYrjrwexrHndZJ5HRBGrMSEH8Iz0oAjooooAKKKKACiiig\nAooooAKKKKACiiigAooooAKKKKACiiigAooooAKKKKACiiigAooooAKKKKACiiigAooooAKKKKAC\niiigAooooAKKKKACiiigAp0btHIskbFXU5BHUGm0UAaeqahDqMUUzRtHegbZWX7snv8AWs9FkfOx\nXbHoM0yrVlqF3YMzWc7RFxhiMc0AReTcf88pf++TW2omTwnci/DhTKn2YSdc98Z7Yqp/wkes/wDP\n/J+Q/wAKpXd7dXsnmXc8krDoWOcfSgCvRRRQAUUUUAFFFFABRRRQAUUUUAFFFFABRRRQAVqeGf8A\nkYbL/rp/Q1l1Lbzy2s6TwOUkQ5Vh2oAkubeY3Uv7mT75/hPrUf2ef/njJ/3ya0f+Ek1n/n+f/vkf\n4Uf8JJrP/P8AP/3yP8KAM77PP/zxk/75NS2lvMLuEmGT/WL/AAn1q5/wkms/8/z/APfI/wAKP+Ek\n1n/n+f8A75H+FADPEf8AyMF9/wBdTWZUlxPLczvPO5eRzlmPc1HQAUUUUAFFFFABRRRQAUUUUAFF\nFFABRRRQAUUUUAblwjv4SsNisf38nQVkeTP/AM85P++TVu01rUrK3EFrdNHGCSFAHepv+Ek1n/n+\nf/vkf4UAZ3kz/wDPOT/vk1q2aOnhnVPMVl/eQ4yPc1H/AMJJrP8Az/P/AN8j/CobrWtSvLdoLm6a\nSJiCVIHb8KAEv72O5srGFFYNbRFGJ7knPFUKKKACiiigAooooAKKKKACiiigAooooAKKKKACiiig\nAooooAKKKKACiiigAooooAKKKKACiiigAooooAKKKKACiiigAooooAKKKKAN/wAJ3l7aXNx9isTd\nl0G4KcFcdOf6Vi3LvJcyySKEdnJZQMYOelXNI1i60iSR7YIwkADK4yOOhqjLI80ryyHLuxZj6k0A\nMooooAKKKKACiiigAooooAKKKKACiiigAooooAKKKKACiiigAooooAKKKKACiiigAooooAKKKKAC\niiigAooooAKKKKACiiigAooooAKKKKACiiigAooooAKKKKACiiigAooooAKKKKACiiigAooooAKK\nKKACiiigAooooAKKKKACiiigAooooAKKKKACiiigAooooAKKKKACiiigAooooAKKKKACiiigAooo\noAKKKKACiiigAooooAKKKKACiiigAooooAKKKKACiiigAooooAKKKKACiiigAooooAKKKKACiiig\nAooooAKKKKACiiigAooooAKKKKACiiigAooooAKKKKAP/9k=\n');
/*!40000 ALTER TABLE `complains` ENABLE KEYS */;
UNLOCK TABLES;

--
-- Table structure for table `customers`
--

DROP TABLE IF EXISTS `customers`;
/*!40101 SET @saved_cs_client     = @@character_set_client */;
/*!40101 SET character_set_client = utf8 */;
CREATE TABLE `customers` (
  `id` int(10) unsigned NOT NULL AUTO_INCREMENT,
  `name` varchar(255) COLLATE utf8_unicode_ci NOT NULL,
  `mobile` varchar(255) COLLATE utf8_unicode_ci NOT NULL,
  `area` varchar(255) COLLATE utf8_unicode_ci NOT NULL,
  `email` varchar(255) COLLATE utf8_unicode_ci NOT NULL,
  PRIMARY KEY (`id`)
) ENGINE=InnoDB AUTO_INCREMENT=24 DEFAULT CHARSET=utf8 COLLATE=utf8_unicode_ci;
/*!40101 SET character_set_client = @saved_cs_client */;

--
-- Dumping data for table `customers`
--

LOCK TABLES `customers` WRITE;
/*!40000 ALTER TABLE `customers` DISABLE KEYS */;
INSERT INTO `customers` VALUES (8,'John Smith','1234','Ibiza','mail@mail.com'),(9,'DODA','1004817800','cairo','dina@mail.com'),(10,'a','1222278009','hi','a'),(11,'dina ali','1068828118','maadi','dina.aii@loreal.com'),(12,'Mohamed','10000256865','cairo','m@gmail.com'),(13,'tesrt','102222','cairo','eee'),(14,'hend','123456789','cairo','m@gmail.com'),(16,'yomna mohamed','1097530117','maser el gedida','yomna_29@hotmail.com'),(17,'xxxx','1234567890','djdj','xxxx'),(18,'John Smith','1234','Ibiza','mail@mail.com'),(19,'John Smith','1234','Ibiza','mail@mail.com'),(20,'John Smith','1234','Ibiza','mail@mail.com'),(21,'John Smith','1234','Ibiza','mail@mail.com'),(22,'John Smith','1234','Ibiza','mail@mail.com'),(23,'John Smith','1234','Ibiza','mail@mail.com');
/*!40000 ALTER TABLE `customers` ENABLE KEYS */;
UNLOCK TABLES;

--
-- Table structure for table `doors`
--

DROP TABLE IF EXISTS `doors`;
/*!40101 SET @saved_cs_client     = @@character_set_client */;
/*!40101 SET character_set_client = utf8 */;
CREATE TABLE `doors` (
  `id` int(10) unsigned NOT NULL AUTO_INCREMENT,
  `site_id` int(10) unsigned NOT NULL,
  `name` varchar(255) COLLATE utf8_unicode_ci NOT NULL,
  `door_lng` varchar(255) COLLATE utf8_unicode_ci NOT NULL,
  `door_lat` varchar(255) COLLATE utf8_unicode_ci NOT NULL,
  PRIMARY KEY (`id`),
  KEY `doors_site_id_foreign` (`site_id`),
  CONSTRAINT `doors_site_id_foreign` FOREIGN KEY (`site_id`) REFERENCES `sites` (`id`) ON DELETE CASCADE
) ENGINE=InnoDB AUTO_INCREMENT=188 DEFAULT CHARSET=utf8 COLLATE=utf8_unicode_ci;
/*!40101 SET character_set_client = @saved_cs_client */;

--
-- Dumping data for table `doors`
--

LOCK TABLES `doors` WRITE;
/*!40000 ALTER TABLE `doors` DISABLE KEYS */;
INSERT INTO `doors` VALUES (129,1,'CARREFOUR MAADI','',''),(131,3,'Carrefour Obour','',''),(132,4,'HYPER ONE','',''),(133,5,'HYPER ONE ASHER ','',''),(134,6,'Debenhams','',''),(135,6,'Mazaya','',''),(136,10,'Mazaya 2','',''),(137,6,'Carrfour','',''),(138,6,'Centerpoint','',''),(139,10,'Fortune','',''),(140,10,'Mazaya 1','',''),(141,13,'Mazaya','',''),(142,13,'So Much','',''),(143,15,'Mazaya','',''),(144,14,'Mazaya','',''),(145,11,'Mazaya ','',''),(146,12,'Abdel Maksoud Pharmacy','',''),(147,12,'Samir William','',''),(148,12,'Romany Pharmacy','',''),(149,12,'Nagy','',''),(150,3,'Mazaya','',''),(151,3,'Carrfour','',''),(152,16,'Haytham ans Salah Pharmacy','',''),(153,16,'So Much','',''),(154,17,'Mazaya','',''),(155,17,'Ezaby','',''),(156,1,'Mazaya','',''),(157,1,'Carrfour','',''),(158,18,'Samir William','',''),(159,18,'Samir William','',''),(160,18,'La Beaute','',''),(161,18,'Mazaya','',''),(162,18,'Ezaby Syria','',''),(163,19,'Faces','',''),(164,19,'Mazaya','',''),(165,19,'Mazaya','',''),(166,19,'Fortune','',''),(167,19,'Centerpoint','',''),(168,20,'Ezaby','',''),(169,7,'LULU','',''),(170,21,'Carrfour','',''),(171,22,'Ezaby','',''),(172,22,'So Much','',''),(173,9,'Mazaya','',''),(174,9,'Faces','',''),(175,9,'Debenhams','',''),(176,9,'Centerpoint','',''),(177,9,'Carrefour','',''),(178,27,'Mazaya','',''),(179,23,'Fathallah Semouha','24.5','25.4'),(180,23,'Fathallah Garedenia','',''),(181,23,'Fathallah Agamy','',''),(182,25,'Fathallah Tanta','',''),(183,24,'Fathallah Mansoura','',''),(184,26,'Fathallah Damanhour','',''),(185,25,'Mazaya','123','123');
/*!40000 ALTER TABLE `doors` ENABLE KEYS */;
UNLOCK TABLES;

--
-- Table structure for table `migrations`
--

DROP TABLE IF EXISTS `migrations`;
/*!40101 SET @saved_cs_client     = @@character_set_client */;
/*!40101 SET character_set_client = utf8 */;
CREATE TABLE `migrations` (
  `migration` varchar(255) COLLATE utf8_unicode_ci NOT NULL,
  `batch` int(11) NOT NULL
) ENGINE=InnoDB DEFAULT CHARSET=utf8 COLLATE=utf8_unicode_ci;
/*!40101 SET character_set_client = @saved_cs_client */;

--
-- Dumping data for table `migrations`
--

LOCK TABLES `migrations` WRITE;
/*!40000 ALTER TABLE `migrations` DISABLE KEYS */;
INSERT INTO `migrations` VALUES ('2014_10_12_000000_create_users_table',1),('2014_10_12_100000_create_password_resets_table',1),('2016_07_21_095117_create_initial_tables',1),('2016_07_21_103554_add_wiki_table',1),('2016_07_21_110115_add_report_table',1),('2016_07_22_150957_add_complain_time',1),('2016_07_24_120959_add_settings_table',1),('2016_08_04_100315_create_ba_attendance',2),('2016_08_04_103526_add_type_to_complain',2),('2016_08_04_104816_consider_customer_data',2),('2016_08_11_105142_add_image_to_categories',3),('2016_08_11_183046_image_to_complaints',3),('2016_08_21_192825_stock',4),('2016_08_31_143224_modify_products_table',5),('2016_08_31_152922_modify_doors_table',5),('2016_09_01_142647_modify_attendance_table',5),('2016_09_04_135739_modify_wikis_table',6),('2016_09_05_123915_modify_reports_table',6);
/*!40000 ALTER TABLE `migrations` ENABLE KEYS */;
UNLOCK TABLES;

--
-- Table structure for table `password_resets`
--

DROP TABLE IF EXISTS `password_resets`;
/*!40101 SET @saved_cs_client     = @@character_set_client */;
/*!40101 SET character_set_client = utf8 */;
CREATE TABLE `password_resets` (
  `email` varchar(255) COLLATE utf8_unicode_ci NOT NULL,
  `token` varchar(255) COLLATE utf8_unicode_ci NOT NULL,
  `created_at` timestamp NULL DEFAULT NULL,
  KEY `password_resets_email_index` (`email`),
  KEY `password_resets_token_index` (`token`)
) ENGINE=InnoDB DEFAULT CHARSET=utf8 COLLATE=utf8_unicode_ci;
/*!40101 SET character_set_client = @saved_cs_client */;

--
-- Dumping data for table `password_resets`
--

LOCK TABLES `password_resets` WRITE;
/*!40000 ALTER TABLE `password_resets` DISABLE KEYS */;
/*!40000 ALTER TABLE `password_resets` ENABLE KEYS */;
UNLOCK TABLES;

--
-- Table structure for table `products`
--

DROP TABLE IF EXISTS `products`;
/*!40101 SET @saved_cs_client     = @@character_set_client */;
/*!40101 SET character_set_client = utf8 */;
CREATE TABLE `products` (
  `id` int(10) unsigned NOT NULL AUTO_INCREMENT,
  `category_id` int(10) unsigned NOT NULL,
  `name` varchar(255) COLLATE utf8_unicode_ci NOT NULL,
  `image` varchar(255) COLLATE utf8_unicode_ci NOT NULL,
  `price` decimal(10,2) NOT NULL,
  PRIMARY KEY (`id`),
  KEY `products_category_id_foreign` (`category_id`),
  CONSTRAINT `products_category_id_foreign` FOREIGN KEY (`category_id`) REFERENCES `categories` (`id`) ON DELETE CASCADE
) ENGINE=InnoDB AUTO_INCREMENT=55 DEFAULT CHARSET=utf8 COLLATE=utf8_unicode_ci;
/*!40101 SET character_set_client = @saved_cs_client */;

--
-- Dumping data for table `products`
--

LOCK TABLES `products` WRITE;
/*!40000 ALTER TABLE `products` DISABLE KEYS */;
INSERT INTO `products` VALUES (20,14,'DREAM MATTE MOUSSE','57ba055503c18.png',0.00),(21,14,'DREAM LIQUID MOUSSE','57ba06273dc7d.jpg',150.00),(22,14,'Superstay Foundation','57ba0635ba42c.jpg',0.00),(23,15,'Superstay Powder','57ba0c282e46a.jpg',0.00),(24,15,'CLEAR SMOOTH AIO POWDER','57ba0c3abba17.jpg',0.00),(25,16,'Expert Wear Blush','57ba0fcbc7f9a.jpg',0.00),(26,17,'Concealors','57ba100cd51e5.jpg',0.00),(27,18,'BB cream','57ba101ce72e3.jpg',0.00),(28,20,'Mascaras','57bac602413ba.jpg',0.00),(31,19,'Brows','57bac6433c20e.jpg',0.00),(32,22,'Monos','57bac659f416c.jpg',120.00),(33,22,'Quades ','57bac66b94642.jpg',100.00),(34,26,'Nail Polish','57ca99be6d2f6.png',100.00),(35,24,'Baby Lips','57ca9c136cc3f.png',100.00),(36,24,'Drama Kohl','57ca9cad6b488.png',100.00),(37,24,'Superstay 14HR','57ca9e94b2596.jpg',100.00),(38,24,'CS LIPSTICK','57ca9ec0e67f7.jpeg',100.00),(39,24,'In Bloom ','57ca9f9aae63f.jpg',100.00),(40,24,'Nudes Lipsticks','57caa01f32767.jpg',100.00),(41,24,'Color Sensation Vivids','57caa0823a73d.png',100.00),(42,24,'Bold Matte','57caa109d269f.jpg',100.00),(43,24,'Color Sensation Lipstick','57caa1a7bb296.jpg',100.00),(44,30,'True Match Foundation','57caad55c6ef9.jpeg',100.00),(45,30,'Infaillible Stay Fresh Foundation','57cb06c3f256a.jpg',100.00),(46,30,'InfaillMatte FDT','57cb07f90f95e.jpg',100.00),(47,31,'True Match Powder','57cb096ddf003.jpg',100.00),(48,31,'Infaillible Powder','57cb0a9df16f0.jpg',100.00),(49,31,'Truew Match Genius','57cb0b393b4b3.jpg',100.00),(50,32,'True Match Concealer','57cb0bfd83f17.jpeg',100.00),(51,32,'Infaillible Concealer','57cb0e6a60a83.jpg',100.00),(52,33,'Blusher','57cb10ddddfc7.jpg',100.00),(53,34,'MASCARAS','57cb1991945c6.jpg',100.00),(54,35,'EYELINERS','57cb1abe464f5.jpg',100.00);
/*!40000 ALTER TABLE `products` ENABLE KEYS */;
UNLOCK TABLES;

--
-- Table structure for table `report_products`
--

DROP TABLE IF EXISTS `report_products`;
/*!40101 SET @saved_cs_client     = @@character_set_client */;
/*!40101 SET character_set_client = utf8 */;
CREATE TABLE `report_products` (
  `report_id` int(10) unsigned NOT NULL,
  `variation_id` int(10) unsigned NOT NULL,
  `sales` int(11) NOT NULL,
  PRIMARY KEY (`report_id`,`variation_id`),
  KEY `report_products_variation_id_foreign` (`variation_id`),
  CONSTRAINT `report_products_report_id_foreign` FOREIGN KEY (`report_id`) REFERENCES `reports` (`id`) ON DELETE CASCADE,
  CONSTRAINT `report_products_variation_id_foreign` FOREIGN KEY (`variation_id`) REFERENCES `variations` (`id`) ON DELETE CASCADE
) ENGINE=InnoDB DEFAULT CHARSET=utf8 COLLATE=utf8_unicode_ci;
/*!40101 SET character_set_client = @saved_cs_client */;

--
-- Dumping data for table `report_products`
--

LOCK TABLES `report_products` WRITE;
/*!40000 ALTER TABLE `report_products` DISABLE KEYS */;
INSERT INTO `report_products` VALUES (74,55,4),(75,55,4),(75,67,1),(76,67,4),(76,78,2),(77,58,1),(77,64,1),(78,86,3),(78,92,1),(78,111,1),(78,120,2),(78,141,1),(79,55,1),(79,71,1),(81,83,1),(81,136,1),(81,139,1),(82,58,1),(83,95,1),(83,136,1),(84,59,2),(84,173,20),(84,179,1),(85,55,4),(86,55,4),(87,55,4),(88,55,4),(89,55,4),(90,55,4),(91,239,1),(91,257,5),(91,263,1),(91,273,3),(91,281,1),(92,239,1),(92,257,5),(92,263,1),(92,273,3),(92,281,1);
/*!40000 ALTER TABLE `report_products` ENABLE KEYS */;
UNLOCK TABLES;

--
-- Table structure for table `reports`
--

DROP TABLE IF EXISTS `reports`;
/*!40101 SET @saved_cs_client     = @@character_set_client */;
/*!40101 SET character_set_client = utf8 */;
CREATE TABLE `reports` (
  `id` int(10) unsigned NOT NULL AUTO_INCREMENT,
  `door_id` int(10) unsigned NOT NULL,
  `advisor_id` int(10) unsigned DEFAULT NULL,
  `date` timestamp NOT NULL DEFAULT CURRENT_TIMESTAMP ON UPDATE CURRENT_TIMESTAMP,
  `customer_id` int(10) unsigned DEFAULT NULL,
  `basket_size` varchar(255) COLLATE utf8_unicode_ci DEFAULT NULL,
  `basket_value` varchar(255) COLLATE utf8_unicode_ci DEFAULT NULL,
  PRIMARY KEY (`id`),
  KEY `reports_door_id_foreign` (`door_id`),
  KEY `reports_advisor_id_foreign` (`advisor_id`),
  KEY `reports_customer_id_foreign` (`customer_id`),
  CONSTRAINT `reports_advisor_id_foreign` FOREIGN KEY (`advisor_id`) REFERENCES `advisors` (`id`) ON DELETE SET NULL,
  CONSTRAINT `reports_customer_id_foreign` FOREIGN KEY (`customer_id`) REFERENCES `customers` (`id`) ON DELETE SET NULL,
  CONSTRAINT `reports_door_id_foreign` FOREIGN KEY (`door_id`) REFERENCES `doors` (`id`) ON DELETE CASCADE
) ENGINE=InnoDB AUTO_INCREMENT=93 DEFAULT CHARSET=utf8 COLLATE=utf8_unicode_ci;
/*!40101 SET character_set_client = @saved_cs_client */;

--
-- Dumping data for table `reports`
--

LOCK TABLES `reports` WRITE;
/*!40000 ALTER TABLE `reports` DISABLE KEYS */;
INSERT INTO `reports` VALUES (74,129,NULL,'2016-09-06 13:59:29',8,'4','0'),(75,129,NULL,'2016-09-06 13:59:29',9,'5','150'),(76,129,NULL,'2016-09-06 13:59:29',9,'6','600'),(77,129,NULL,'2016-09-06 13:59:29',10,'2','0'),(78,129,NULL,'2016-09-06 13:59:29',11,'8','120'),(79,129,NULL,'2016-09-06 13:59:29',12,'2','150'),(81,129,NULL,'2016-09-06 13:59:29',14,'3','0'),(82,129,NULL,'2016-09-06 13:59:29',NULL,'1','0'),(83,135,71,'2016-09-06 13:59:29',16,'2','0'),(84,131,73,'2016-09-06 13:59:29',17,'23','2100'),(85,131,73,'2016-09-06 18:12:44',18,'4','0'),(86,131,73,'2016-09-06 18:12:44',19,'4','0'),(87,131,73,'2016-09-06 18:12:44',20,'4','0'),(88,131,73,'2016-09-06 18:12:44',21,'4','0'),(89,131,73,'2016-09-06 18:12:44',22,'4','0'),(90,131,73,'2016-09-06 18:12:44',23,'4','0'),(91,136,72,'2016-09-10 14:17:17',11,'11','1100'),(92,136,72,'2016-09-19 16:18:18',11,'11','1100');
/*!40000 ALTER TABLE `reports` ENABLE KEYS */;
UNLOCK TABLES;

--
-- Table structure for table `settings`
--

DROP TABLE IF EXISTS `settings`;
/*!40101 SET @saved_cs_client     = @@character_set_client */;
/*!40101 SET character_set_client = utf8 */;
CREATE TABLE `settings` (
  `id` int(10) unsigned NOT NULL AUTO_INCREMENT,
  `key` varchar(255) COLLATE utf8_unicode_ci NOT NULL,
  `value` text COLLATE utf8_unicode_ci NOT NULL,
  PRIMARY KEY (`id`)
) ENGINE=InnoDB AUTO_INCREMENT=7 DEFAULT CHARSET=utf8 COLLATE=utf8_unicode_ci;
/*!40101 SET character_set_client = @saved_cs_client */;

--
-- Dumping data for table `settings`
--

LOCK TABLES `settings` WRITE;
/*!40000 ALTER TABLE `settings` DISABLE KEYS */;
INSERT INTO `settings` VALUES (1,'reports_emails','ahmed@bluecrunch.com'),(2,'complains_emails_1','ahmed@bluecrunch.com'),(3,'complains_emails_2','ahmed@bluecrunch.com'),(4,'complains_emails_3','ahmed@bluecrunch.com'),(5,'complains_emails_4','ahmed@bluecrunch.com'),(6,'complains_emails_5','ahmed@bluecrunch.com');
/*!40000 ALTER TABLE `settings` ENABLE KEYS */;
UNLOCK TABLES;

--
-- Table structure for table `sites`
--

DROP TABLE IF EXISTS `sites`;
/*!40101 SET @saved_cs_client     = @@character_set_client */;
/*!40101 SET character_set_client = utf8 */;
CREATE TABLE `sites` (
  `id` int(10) unsigned NOT NULL AUTO_INCREMENT,
  `name` varchar(255) COLLATE utf8_unicode_ci NOT NULL,
  PRIMARY KEY (`id`)
) ENGINE=InnoDB AUTO_INCREMENT=29 DEFAULT CHARSET=utf8 COLLATE=utf8_unicode_ci;
/*!40101 SET character_set_client = @saved_cs_client */;

--
-- Dumping data for table `sites`
--

LOCK TABLES `sites` WRITE;
/*!40000 ALTER TABLE `sites` DISABLE KEYS */;
INSERT INTO `sites` VALUES (1,'City Center MAADI'),(2,'CARREFOUR DANDY MALL'),(3,'Obour'),(4,'HYPER ONE ZAYED'),(5,'HYPER ONE ASHER '),(6,'CFC'),(7,'Lulu market'),(9,'City Center Alex'),(10,'City stars'),(11,'Sun City'),(12,'Heliopolis'),(13,'Geneina Mall'),(14,'City Center'),(15,'Galeria'),(16,'Maadi Grand Mall'),(17,'Maadi '),(18,'Mohandeseen'),(19,'Mall Of Arabia'),(20,'Arkan'),(21,'Dandy Mall'),(22,'Haram'),(23,'Alexandria'),(24,'Mansoura'),(25,'Tanta'),(26,'Damanhour'),(27,'San Stefano ALexandria');
/*!40000 ALTER TABLE `sites` ENABLE KEYS */;
UNLOCK TABLES;

--
-- Table structure for table `users`
--

DROP TABLE IF EXISTS `users`;
/*!40101 SET @saved_cs_client     = @@character_set_client */;
/*!40101 SET character_set_client = utf8 */;
CREATE TABLE `users` (
  `id` int(10) unsigned NOT NULL AUTO_INCREMENT,
  `name` varchar(255) COLLATE utf8_unicode_ci NOT NULL,
  `email` varchar(255) COLLATE utf8_unicode_ci NOT NULL,
  `password` varchar(255) COLLATE utf8_unicode_ci NOT NULL,
  `remember_token` varchar(100) COLLATE utf8_unicode_ci DEFAULT NULL,
  `created_at` timestamp NULL DEFAULT NULL,
  `updated_at` timestamp NULL DEFAULT NULL,
  PRIMARY KEY (`id`),
  UNIQUE KEY `users_email_unique` (`email`)
) ENGINE=InnoDB AUTO_INCREMENT=9 DEFAULT CHARSET=utf8 COLLATE=utf8_unicode_ci;
/*!40101 SET character_set_client = @saved_cs_client */;

--
-- Dumping data for table `users`
--

LOCK TABLES `users` WRITE;
/*!40000 ALTER TABLE `users` DISABLE KEYS */;
INSERT INTO `users` VALUES (1,'Beric Dondarrion','admin@mail.com','$2y$10$kE3YOoZaZ/rK9Sza3nBLX.pam8pdY2eVIBRNVpbTfbyNXz1PuDpna','PO26uDYfsYpwmaxMgbIANL8ZhTAqQqriB6GZ42Nyo0BThyC5fuzVeyDVQ4NO',NULL,NULL),(2,'Ahmed Saber','ahmed@mail.com','$2y$10$qIPueeaArfemHxOGgWde.euPhKilWkNoA8HX.HS8/M2QubFhJu2na','OxcybKQFz5GlSDmBFuGK4mPZQaaFLEp7C9AWXtI1HAxNAmSNPRIokWmDXC9q',NULL,NULL),(7,'Dina Ali','dina.ali@loreal.com','$2y$10$K.QLQVkO2ulJJOVd337tHOY70AEqRvVnsDkOktQcYzcGWqLB8xSP2','idGaOcuggi3Kr2IrVFV5QfPoAQFDaJz9Es8RTFU4wPp2q8UhNePIl3tBGXYL',NULL,NULL),(8,'Emad','emad@mail.com','$2y$10$VsqG7yFsP0b2gyDj3CR5m.K2mx5v6.L/CBzcvxprnCBJ6q32PHvsu','v0dp7kvrYspDjEJS89opqS2Xs4MBcMn0l8e5OhLEZz0SrCSGOGK8OS7r5QOG',NULL,NULL);
/*!40000 ALTER TABLE `users` ENABLE KEYS */;
UNLOCK TABLES;

--
-- Table structure for table `variations`
--

DROP TABLE IF EXISTS `variations`;
/*!40101 SET @saved_cs_client     = @@character_set_client */;
/*!40101 SET character_set_client = utf8 */;
CREATE TABLE `variations` (
  `id` int(10) unsigned NOT NULL AUTO_INCREMENT,
  `product_id` int(10) unsigned NOT NULL,
  `name` varchar(255) COLLATE utf8_unicode_ci NOT NULL,
  `barcode` varchar(255) COLLATE utf8_unicode_ci NOT NULL,
  PRIMARY KEY (`id`),
  KEY `variations_product_id_foreign` (`product_id`),
  CONSTRAINT `variations_product_id_foreign` FOREIGN KEY (`product_id`) REFERENCES `products` (`id`) ON DELETE CASCADE
) ENGINE=InnoDB AUTO_INCREMENT=296 DEFAULT CHARSET=utf8 COLLATE=utf8_unicode_ci;
/*!40101 SET character_set_client = @saved_cs_client */;

--
-- Dumping data for table `variations`
--

LOCK TABLES `variations` WRITE;
/*!40000 ALTER TABLE `variations` DISABLE KEYS */;
INSERT INTO `variations` VALUES (55,20,'FDT DREAM MAT NUgb 010 Ivory','3600530169948'),(56,20,'FDT DREAM MAT NUgb 016 Vanilla','3600531079703'),(57,20,'FDT DREAM MAT NUgb 020 Cameo/Beige','3600530169955'),(58,20,'FDT DREAM MAT NUgb 021 Nude/Beige d','3600530169962'),(59,20,'FDT DREAM MAT NUgb 04 Light Porcela','3600530420179'),(60,20,'FDT DREAM MAT NUgb 05 Porcelaine','3600530169924'),(61,20,'FDT DREAM MAT NUgb 08 Light Beige','3600530169931'),(62,20,'Maybelline New York dream matte mousse fond Creamy Nat light 5','41554507133'),(63,20,'DREAM MATTE MOUSSE FDT Sandy Beige 60 MEDIUM1','41554507140'),(64,20,'DREAM MATTE MOUSSE FDT light beige','41554537734'),(65,20,'DREAM Fair shade1','3600531221416'),(66,20,'DREAM Fair shade 012','3600531221423'),(67,21,'FDT DREAM SATIN NUgb 004 Light Porc','3600530521944'),(68,21,'FDT DREAM SATIN NUgb 010 Ivory','3600530521807'),(69,21,'FDT DREAM SATIN NUgb 020 Cameo/Beig','3600530521814'),(70,21,'FDT DREAM SATIN NUgb 021 Nude/Beige','3600530521821'),(71,21,'FDT DREAM SATIN NUgb 030 Sand / Sab','3600530521845'),(72,21,'FDT DREAM SATIN NUgb 040 Fawn/Canne','3600530521869'),(73,21,'Dream Mousse liquid Nude','41554056013'),(74,21,'Dream Mousse liquid Pure Beige','41554056051'),(75,21,'Dream Mousse liquid Creamy Natural','41554056020'),(76,22,'FDT SUPERST.24H NU GB 005 LIGHT BEI','3600530625369'),(77,22,'FDT SUPERST.24H NU GB 010 IVORY/IVO','3600530625376'),(78,22,'FDT SUPERST.24H NU GB 020 CAMEO/BEI ( August 14)','3600530625383'),(79,22,'FDT SUPERST.24H NU GB 021 NUDE/BEIG ( August 14)','3600530625390'),(80,22,'FDT SUPERST.24H NU GB 030 SABLE/SAN ( August 14)','3600530625352'),(81,23,'PDR SUPERSTAY 24H NUgb 010 IVOIRE /','3600530854363'),(82,23,'PDR SUPERSTAY 24H NUgb 020 CAMEO /','3600530854370'),(83,23,'PDR SUPERSTAY 24H NUgb 021 NUDE / B','3600530854387'),(84,23,'PDR SUPERSTAY 24H NUgb 030 SAND / S','3600530854394'),(85,23,'PDR SUPERSTAY 24H NUgb 040 FAWN / C','3600530854400'),(86,24,'GM CLEAR SMOOTH POWDER  01 LIGHT','8992304016646'),(87,24,'GM CLEAR SMOOTH POWDER  02 NUDE BEI','8992304016707'),(88,24,'GM CLEAR SMOOTH POWDER  04 HONEY','8992304016745'),(89,25,'EXP.WEAR BLUSH NU GJM 58 Brown / Ch','3600530573394'),(90,25,'EXP.WEAR BLUSH NU GJM 62 Rosewood /','3600530573400'),(91,25,'EXP.WEAR BLUSH NU GJM 73 Pink Amber','3600530571581'),(92,25,'EXP.WEAR BLUSH NU GJM 76 Golden Bro','3600530571611'),(93,25,'EXP.WEAR BLUSH NU GJM 77 Rose / Ros','3600530572694'),(94,25,'EXP.WEAR BLUSH NU GJM 79 Flash Plum','3600530572717'),(95,26,' DR.LUMI TOUCH CONCEAL.NU 1 VANILLA/','3600530714308'),(96,26,'DR.LUMI TOUCH CONC.NU 02-NUDE/NUDE','3600530714315'),(97,26,'SUPERSTAY 24H.CONCEAL NU 02 LIGHT/B ','3017566810025'),(98,26,'SUPERSTAY 24H.CONCEAL NU 03 MEDIUM/ ','3017566810032'),(99,27,'MAYBELLINE NEW YORK DREAM PURE BB 8-IN-1 BB CREAM 2% SALICYLIC ACID SPF 15 SHADE1','3600530791897'),(100,27,'MAYBELLINE NEW YORK DREAM PURE BB 8-IN-1 BB CREAM 2% SALICYLIC ACID SPF 15 SHADE2','3600530791903'),(101,27,'DREAM PURE BB NUgb LIGHT','3600530878857'),(102,27,'DREAM PURE BB NUgb LIGHT-MEDIUM','3600530878864'),(103,33,'EYE STUDIO QUAD NU gb-all-ru 33 Amethyst Smokes','3600530737604'),(104,33,'EYE STUDIO QUAD NU gb-all-ru 32 Charcoal Smokes','3600530737598'),(105,33,'EYE STUDIO QUAD NU gb-all-ru 31 Natural Smokes','3600530737581'),(106,33,'EYE STUDIO QUAD NU gb-all-ru 05 Glamor Browns','3600530470914'),(107,33,'EYE STUDIO QUAD NU gb-all-ru 02 Vivid Plums','3600530470884'),(108,32,'COL.SHOW MONO SATIN NUgb 22 Black O','3600531061449'),(109,32,'COL.SHOW MONO SATIN NUgb 16 Baby Bl','3600531061388'),(110,32,'COL.SHOW MONO SATIN NUgb 14 Brookly','3600531061364'),(111,32,'COL.SHOW MONO SATIN NUgb 13 Sultry','3600531061357'),(112,32,'COL.SHOW MONO SATIN NUgb 12 Tiffany','3600531061340'),(113,32,'COL.SHOW MONO VELV.NUgb 10 Soho Blu','3600531061326'),(114,32,'COL.SHOW MONO VELV.NUgb 8 Violet Vi','3600531061302'),(115,32,'COL.SHOW MONO VELV.NUgb 6 Ashy Wood','3600531061289'),(116,32,'COL.SHOW MONO VELV.NUgb 2 Stripped','3600531061227'),(117,31,'ES.MASTER SHAPE BROW PEN.NU Soft Br','3600530803866'),(118,31,'Brow satin Duo shade 2','3600531087401'),(119,31,'Brow satin Duo shade 1 ','3600531087388'),(120,31,'ES M.BROW MAS.BLFR/IT-RF 2 MEDIUM B','3600530911141'),(121,31,'ES.MAST.BROW MAS BLFR/IT-RF 4 DARK','3600530911165'),(136,28,'Go Extreme Leather black','3600531089788'),(137,28,'COLOSSAL GO EXTREME','3600530982134'),(138,28,'Maybelline New York the rocket volum express mascara Very Black','3600530848201'),(139,28,'VOLUM \'EXPRESS COLOSSAL WTP Black','3600530550890'),(140,28,'Volume express classic','8710678300747'),(141,28,'VOLUM\'EXPRESS Falsies','3600530684373'),(142,28,'VOLUM\' EXPRESS COLOSSAL Black ','3600530590735'),(143,34,'COLORAMA NAIL NU 120 Urban turquois','30097247'),(144,34,'COLORAMA NAIL NU 130 Winter Baby C','30096912'),(145,34,'COLORAMA NAIL NU 15 Candy Apple C','30097193'),(146,34,'COLORAMA NAIL NU 262 Pink Boom C','30097094'),(147,34,'COLORAMA NAIL NU 31 Peach Pie C','30097179'),(148,34,'COLORAMA NAIL NU 341 Orange Attack','30096967'),(149,34,'COLORAMA NAIL NU 342 Coral Craze C','30097124'),(150,34,'COLORAMA NAIL NU 349 Power Red C','30096943'),(151,34,'COLORAMA NAIL NU 352 Downtown Red C','30097056'),(152,34,'COLORAMA NAIL NU 354 Berry Fusion C','30097117'),(153,34,'COLORAMA NAIL NU 357 Burgundy Kiss','30096950'),(154,34,'COLORAMA NAIL NU 549 Midnight Taupe','30096998'),(155,34,'COLORAMA NAIL NU 554 Lavender Lies','30097087'),(156,34,'COLORAMA NAIL NU 649 Clear Shine C','30097001'),(157,34,'COLORAMA NAIL NU 651 Cool Blue C','30097063'),(158,34,'COLORAMA NAIL NU 677 Blackout C','30097025'),(159,34,'COLORAMA NAIL NU 749 Electric Yello','30097032'),(160,34,'VAO COL SUPERPOWER BLUE 654','30097100'),(161,34,'VAO LATTE 254 ','30101487'),(162,34,'VAONOITE DE GAL 104','30101203'),(163,34,'VAO URBAN CORAL 110 ','30097254'),(164,34,'VAO PINK BIKINI 83','30101296'),(165,34,'VAO COLOR SHOW NU 70 Ballerina','30097230'),(166,34,'VAO COLOR SHOW NU 432 Tangerine Tan','30116689'),(167,34,'VAO COLOR SHOW NU 427 FUCHSIA PETAL','30116047'),(168,34,'VAO COLOR SHOW NU 77 Nebline','30101470'),(169,34,'VAO COLOR SHOW NU 103 Marinho','30101197'),(170,34,'VAO COLOR SHOW NU150 Mauve Kiss','30096974'),(171,34,'VAO COLOR SHOW NU 652 Moss.','30097070'),(172,34,'VAO COLOR SHOW NU 661 Ocean Blue','30097018'),(173,35,'BABY LIPS BLS gb PINK PUNCH','3600530901920'),(174,35,'BABY LIPS BLS gb HYDRATE','3600530901883'),(175,35,'BABY LIPS BLS gb CHERRY ME','3600530901913'),(176,36,'C.DRAMA LIP KHOL NU 510 RED ESSENTI','3600531030117'),(177,36,'C.DRAMA LIP KHOL NU 420 IN WITH COR','3600531030100'),(178,36,'C.DRAMA LIP KHOL NU 210 KEEP IT CLA','3600531030063'),(179,36,'C.DRAMA LIP KHOL NU 310 BERRY MUCH','3600531030070'),(180,36,'C.DRAMA LIP KHOL NU 150 FUCHSIA DES','3600531030056'),(181,36,'C.DRAMA LIP KHOL NU 130 LOVE MY PIN','3600531030032'),(182,37,'Maybelline New York Superstay 14H Lipstick - 110 NEVERENDIN','30098367'),(183,37,'Maybelline New York Superstay 14H Lipstick - 160 INFINITELY','30098381'),(184,37,'Maybelline New York Superstay 14H Lipstick - 260 ALWAYS PLU','30098435'),(185,37,'Maybelline New York Superstay 14H Lipstick - 430 STAY WITH','30098459'),(186,37,'Maybelline New York Superstay 14H Lipstick - 450 Keep Me Co','30098466'),(187,37,'Maybelline New York Superstay 14H Lipstick - 510 NON-STOP R','30098473'),(188,37,'Maybelline New York Superstay 14H Lipstick - 540 RAVISHING','30098480'),(189,37,'Maybelline New York Superstay 14H Lipstick - 560 Continuous Cranberry','30098497'),(190,37,'RAL SUPERSTAY 14H NU 720 Lasting Ch','30098527'),(191,37,'Maybelline New York Superstay 14H Lipstick - 610 BEIGE FOR','30098510'),(192,38,'Color Show LIP 108 Party Pink','6902395313427'),(193,38,'Color Show LIP 105 Pinkalicious','6902395313441'),(194,38,'Color Show LIP 202 Red My Lips','6902395313458'),(195,38,'Color Show LIP 203 Cherry On Top','6902395313465'),(196,38,'Color Show LIP 307 Disco Coral','6902395313472'),(197,38,'Color Show LIP 201 Downtown Red','6902395313496'),(198,38,'Color Show LIP 401 Mauve Mania','6902395313502'),(199,38,'Color Show LIP 101 Pink Avenue','6902395313533'),(200,38,'Color Show LIP 204 Red Diva','6902395313564'),(201,38,'Color Show LIP 104 Pink Release','6902395313595'),(202,39,'RAL CS STICK RENO NU 168 PETAL PINK','3600531129118'),(203,39,'RAL CS STICK RENO NU 158 Power Peony','3600531129217'),(204,39,'RAL CS STICK RENO NU 538 RAVISHING','3600531129293'),(205,39,'RAL CS STICK RENO NU 418 PEACH POPP','3600531129842'),(206,40,'RAL CS NUDES NU fr/gb 755 Toasted B (Oct 13)','3600530958191'),(207,40,'RAL CS NUDES NU fr/gb 732 Brazen Be ( Oct 13)','3600530958245'),(208,40,'RAL CS NUDES NU fr/gb 740 Coffee Cr ( Oct 13)','3600530958252'),(209,41,'CS VIVIDS RAL NU 916 NEON RED','3600530851881'),(210,41,'CS VIVIDS RAL NU 914 VIBRANT MANDAR','3600530851874'),(211,41,'CS VIVIDS RAL NU 912 ELECTRIC ORANG ','3600530851867'),(212,41,'CS VIVIDS RAL NU 910 SHOCKING CORAL','3600530851850'),(213,41,'CS VIVIDS RAL NU 904 VIVID ROSE ','3600530851829'),(214,41,'CS VIVIDS RAL NU 902 FUCHSIA FLASH','3600530851812'),(215,42,'CS BOLD MATTE ZAMO 7 MAT7/nude embrace','6902395263029'),(216,42,'CS BOLD MATTE ZAMO 6 MAT6/divine wine','6902395263067'),(217,42,'CS BOLD MATTE ZAMO 5 MAT5/faint for fuschia','6902395259633'),(218,42,'CS BOLD MATTE ZAMO 3 MAT3/craving coral','6902395259626'),(219,42,'CS BOLD MATTE ZAMO 2 MAT2/lust for blush','6902395259602'),(220,42,'CS BOLD MATTE ZAMO 1 MAT1/ravishing rose','6902395259596'),(221,43,'RAL COLOR SENSAT.BLg 132 Sweet pink','3600530559329'),(222,43,'RAL COL.SENSAT.NU 750 CHOCO POP','3600530560011'),(223,43,'RAL COL.SENSAT.NU 715 Choco Cream','3600530559923'),(224,43,'RAL COL.SENSAT.NU 642 LATTE BEIGE','3600530559909'),(225,43,'RAL COL.SENSAT.NU 540 HOLLYWOOD RED','3600530559787'),(226,43,'RAL COL.SENSAT.NU 530 FATAL RED','3600530559756'),(227,43,'RAL COL.SENSAT.NU 422 Coral Tonic','3600530559657'),(228,43,'RAL COL.SENSAT.NU 315 RICH PLUM','3600530559527'),(229,43,'RAL COL.SENSAT.NU 240 Galactic Mauve','3600530559480'),(230,43,'RAL COL.SENSAT.NU 180 Crasy Pink','3600530559442'),(231,43,'RAL COL.SENSAT.NU 175 PINK PUNCH','3600530559435'),(232,43,'RAL COL.SENSAT.NU 162 Feel Pink','3600530559398'),(233,43,'RAL COL.SENSAT.NU 148 SUMMER PINK','3600530559367'),(234,43,'RAL COL.SENSAT.NU 140 Intense pink','3600530559336'),(235,44,'L\'OREAL PARIS TRUE MATCH SUPER BLENDABLE PERFECTING FOUNDATION C2 ROSE VANILLA','3600520457819'),(236,44,'L\'OREAL PARIS TRUE MATCH SUPER BLENDABLE PERFECTING FOUNDATION W1 GOLDEN IVORY','3600520457796'),(237,44,'TRUEMATCHFDTNUGB C3 BEIGE ROSE/ROSE','3600520457833'),(238,44,'TRUEMATCHFDTNUGB C7 ROSE AMBER','3600520457888'),(239,44,'TrueMatchFdTnuGB N6.Miel/Honey','3600521664339'),(240,44,'L\'OREAL PARIS TRUE MATCH SUPER BLENDABLE PERFECTING FOUNDATION C1 Ivoire Rose/Rose','3600520457802'),(241,44,'L\'OREAL PARIS TRUE MATCH SUPER BLENDABLE PERFECTING FOUNDATION N4 Beige / Beige','3600520469683'),(242,44,'TrueMatchFdTnuGB D7/W7.Ambre Dore/G','3600520457895'),(243,44,'TrueMatchFdTnuGB D5/W5SableDore/Gol','3600520457840'),(244,44,'TRUEMATCHFDTNUGB N1 IVOIRE / IVORY','3600520457789'),(245,44,'TRUEMATCHFDTNUGB N7 AMBRE / AMBER','3600520457871'),(246,44,'L\'OREAL PARIS TRUE MATCH SUPER BLENDABLE PERFECTING FOUNDATION W3 Beige Dore/Golde','3600520457826'),(247,45,'InfailFdtNuGB 145 BeigeRose/RoseBei','3600522690313'),(248,45,'InfailFdtNuGB 220 Sable/Sand','3600522690344'),(249,45,'InfailFdtNuGB 260 Soleil Dore/Golde','3600522690351'),(250,45,'InfailFdtNuGB 200 Sable Dore/Golden','3600522690368'),(251,45,'InfailFdtNuGB 140 Beige Dore/Golden','3600522690382'),(252,45,'InfailFdtNuGB 015 Porcelaine/Porcel','3600522690429'),(253,45,'InfailFdtNuGB 130 Beige Peau/True B','3600522690436'),(254,46,'InfailMatte Priming Base Nu Eng 01','3600522877301'),(255,46,'InfaillMatteFdTNu 10 Porcelaine/Por','3600522875208'),(256,46,'InfaillMatteFdTNu 21 SableDore/Gold','3600522875369'),(257,46,'InfailMatteFdTNuEng 12 NaturelRose/','3600522875338'),(258,46,'InfailMatteFdTNuEng 24 BeigeDore/Go','3600522875406'),(259,46,'InfailMatteFdTNuEng 30 Miel/Honey','3600522875413'),(260,47,'L\'OREAL PARIS TRUE MATCH SUPER BLENDER POWDER C1 Rose Ivory','3600520772004'),(261,47,'L\'OREAL PARIS TRUE MATCH SUPER BLENDER POWDER W1 Golden ivory','3600520772011'),(262,47,'L\'OREAL PARIS TRUE MATCH SUPER BLENDER POWDER W3 Golden beige','3600520772035'),(263,47,'True Match Pdre Gb C3  Rose beige','3600520772028'),(264,47,'True Match Pdre Gb W5  Golden sand','3600520772042'),(265,47,'True Match Pdre Gb W6  Honey','3600520772066'),(266,48,'InfailFdtCptNuES/GB 123 Warm Vanill','3600522536161'),(267,48,'InfailFdtCptNuES/GB 160 Sand Beige','3600522536185'),(268,48,'InfailFdtCptNuES/GB 225 Beige','3600522536192'),(269,48,'InfailFdtCptNuES/GB 245 Warm Sand','3600522536208'),(270,49,'TMatchGeniusNuGB 3D3W Beige Dore/Go','3600522764083'),(271,49,'TMatchGeniusNuGB 3R3C3K Beige Rose/','3600522764311'),(272,49,'TMatchGeniusNuGB 4N Beige/Beige','3600522764649'),(273,49,'TMatchGeniusNuGB 5N Sable/Sand','3600522764670'),(274,49,'TMatchGeniusNuGB 2R2C2K Vanille Ros','3600522764687'),(275,50,'TMConcealerNuGb/All/Ru 1 Ivory','3600522028536'),(276,50,'TMCONCEALERNUGB/ALL/RU 2 VANILLA','3600522028543'),(277,50,'TMCONCEALERNUGB/ALL/RU 3 CREAM','3600522028550'),(278,50,'InfailConcNuGB/ALL 4 BeigeDore/Gold','3600520975498'),(279,50,'L\'OREAL PARIS TRUE MATCH MAGIQUE CONCEALER','3600521650035'),(280,51,'InfailConcNuENG/ESP 2 Porcelaine/Po','3600520975481'),(281,51,'InfailConcNuENG/ESP 6 Ambre/Amber','3600522541820'),(282,52,'L\'OREAL PARIS TRUE MATCH BLUSHER 140 VieuxRose','3600521627396'),(283,52,'BlushTMatchNuINT 163 Nectarine/Nect','3600522774563'),(284,52,'BlushTMatchNuINT 105 Rose Dragee/Ro','3600522774600'),(285,52,'BlushTMatchNuINT 90 Rose Eclat/Lumi','3600522774617'),(286,52,'BlushTMatchNuINT 165 Rose Bonne Min','3600521627426'),(287,52,'BlushTMatchNuINT 95 Rose Amour/Rose','3600522774594'),(288,53,'L\'OREAL PARIS VOLUME MILLION LASHES MASCARA','3600521821152'),(289,53,'VolMilLashExcessNuGB/ALL/ESP Black','3600522218791'),(290,53,'MegaVolColMangaNuGB/ALL Black','3600522387459'),(291,53,'LOreal Paris Mega volume collagen mascara Extra Black','3600522066798'),(292,53,'FLASHBUTTFLY INTENZA NU GB 01 BLACK','3600522745815'),(293,53,'FalseLash Superstar Nu GbAllEs 01 Bla','3600522833161'),(294,53,'VMLSoCout Nu GB/ALL/ESP 01 Black','3600522616252'),(295,53,'False Lash Butterfly','3600522332107');
/*!40000 ALTER TABLE `variations` ENABLE KEYS */;
UNLOCK TABLES;

--
-- Table structure for table `variations_stock`
--

DROP TABLE IF EXISTS `variations_stock`;
/*!40101 SET @saved_cs_client     = @@character_set_client */;
/*!40101 SET character_set_client = utf8 */;
CREATE TABLE `variations_stock` (
  `id` int(10) unsigned NOT NULL AUTO_INCREMENT,
  `variation_id` int(10) unsigned NOT NULL,
  `door_id` int(10) unsigned NOT NULL,
  `stock` int(10) unsigned NOT NULL,
  PRIMARY KEY (`id`),
  KEY `variations_stock_variation_id_foreign` (`variation_id`),
  KEY `variations_stock_door_id_foreign` (`door_id`),
  CONSTRAINT `variations_stock_door_id_foreign` FOREIGN KEY (`door_id`) REFERENCES `doors` (`id`) ON DELETE CASCADE,
  CONSTRAINT `variations_stock_variation_id_foreign` FOREIGN KEY (`variation_id`) REFERENCES `variations` (`id`) ON DELETE CASCADE
) ENGINE=InnoDB AUTO_INCREMENT=712 DEFAULT CHARSET=utf8 COLLATE=utf8_unicode_ci;
/*!40101 SET character_set_client = @saved_cs_client */;

--
-- Dumping data for table `variations_stock`
--

LOCK TABLES `variations_stock` WRITE;
/*!40000 ALTER TABLE `variations_stock` DISABLE KEYS */;
INSERT INTO `variations_stock` VALUES (1,59,129,24),(2,78,129,12),(3,87,129,12),(4,89,129,3),(5,73,129,2),(6,62,129,2),(7,288,131,1),(8,292,131,7),(9,56,135,19),(10,57,135,11),(11,55,129,1),(12,56,129,0),(13,57,129,0),(14,58,129,0),(15,60,129,0),(16,61,129,0),(17,63,129,0),(18,64,129,0),(19,65,129,0),(20,66,129,0),(21,67,129,0),(22,68,129,0),(23,69,129,0),(24,70,129,0),(25,71,129,0),(26,72,129,0),(27,74,129,0),(28,75,129,0),(29,76,129,0),(30,77,129,0),(31,79,129,0),(32,80,129,0),(33,81,129,0),(34,82,129,0),(35,83,129,0),(36,84,129,0),(37,85,129,0),(38,86,129,0),(39,88,129,0),(40,90,129,0),(41,91,129,0),(42,92,129,0),(43,93,129,0),(44,94,129,0),(45,95,129,0),(46,96,129,0),(47,97,129,0),(48,98,129,0),(49,99,129,0),(50,100,129,0),(51,101,129,0),(52,102,129,0),(53,103,129,0),(54,104,129,0),(55,105,129,0),(56,106,129,0),(57,107,129,0),(58,108,129,0),(59,109,129,0),(60,110,129,0),(61,111,129,0),(62,112,129,0),(63,113,129,0),(64,114,129,0),(65,115,129,0),(66,116,129,0),(67,117,129,0),(68,118,129,0),(69,119,129,0),(70,120,129,0),(71,121,129,0),(72,136,129,0),(73,137,129,0),(74,138,129,0),(75,139,129,0),(76,140,129,0),(77,141,129,0),(78,142,129,0),(79,143,129,0),(80,144,129,0),(81,145,129,0),(82,146,129,0),(83,147,129,0),(84,148,129,0),(85,149,129,0),(86,150,129,0),(87,151,129,0),(88,152,129,0),(89,153,129,0),(90,154,129,0),(91,155,129,0),(92,156,129,0),(93,157,129,0),(94,158,129,0),(95,159,129,0),(96,160,129,0),(97,161,129,0),(98,162,129,0),(99,163,129,0),(100,164,129,0),(101,165,129,0),(102,166,129,0),(103,167,129,0),(104,168,129,0),(105,169,129,0),(106,170,129,0),(107,171,129,0),(108,172,129,0),(109,173,129,0),(110,174,129,0),(111,175,129,0),(112,176,129,0),(113,177,129,0),(114,178,129,0),(115,179,129,0),(116,180,129,0),(117,181,129,0),(118,182,129,0),(119,183,129,0),(120,184,129,0),(121,185,129,0),(122,186,129,0),(123,187,129,0),(124,188,129,0),(125,189,129,0),(126,190,129,0),(127,191,129,0),(128,192,129,0),(129,193,129,0),(130,194,129,0),(131,195,129,0),(132,196,129,0),(133,197,129,0),(134,198,129,0),(135,199,129,0),(136,200,129,0),(137,201,129,0),(138,202,129,0),(139,203,129,0),(140,204,129,0),(141,205,129,0),(142,206,129,0),(143,207,129,0),(144,208,129,0),(145,209,129,0),(146,210,129,0),(147,211,129,0),(148,212,129,0),(149,213,129,0),(150,214,129,0),(151,215,129,0),(152,216,129,0),(153,217,129,0),(154,218,129,0),(155,219,129,0),(156,220,129,0),(157,221,129,0),(158,222,129,0),(159,223,129,0),(160,224,129,0),(161,225,129,0),(162,226,129,0),(163,227,129,0),(164,228,129,0),(165,229,129,0),(166,230,129,0),(167,231,129,0),(168,232,129,0),(169,233,129,0),(170,234,129,0),(171,235,129,0),(172,236,129,0),(173,237,129,0),(174,238,129,0),(175,239,129,0),(176,240,129,0),(177,241,129,0),(178,242,129,0),(179,243,129,0),(180,244,129,0),(181,245,129,0),(182,246,129,0),(183,247,129,0),(184,248,129,0),(185,249,129,0),(186,250,129,0),(187,251,129,0),(188,252,129,0),(189,253,129,0),(190,254,129,0),(191,255,129,0),(192,256,129,0),(193,257,129,0),(194,258,129,0),(195,259,129,0),(196,260,129,0),(197,261,129,0),(198,262,129,0),(199,263,129,0),(200,264,129,0),(201,265,129,0),(202,266,129,0),(203,267,129,0),(204,268,129,0),(205,269,129,0),(206,270,129,0),(207,271,129,0),(208,272,129,0),(209,273,129,0),(210,274,129,0),(211,275,129,0),(212,276,129,0),(213,277,129,0),(214,278,129,0),(215,279,129,0),(216,280,129,0),(217,281,129,0),(218,282,129,0),(219,283,129,0),(220,284,129,0),(221,285,129,0),(222,286,129,0),(223,287,129,0),(224,288,129,0),(225,289,129,0),(226,290,129,0),(227,291,129,0),(228,292,129,0),(229,293,129,0),(230,294,129,0),(231,295,129,0),(232,55,132,1),(233,56,132,0),(234,57,132,0),(235,58,132,0),(236,59,132,0),(237,60,132,0),(238,61,132,0),(239,62,132,0),(240,63,132,0),(241,64,132,0),(242,65,132,0),(243,66,132,0),(244,67,132,0),(245,68,132,0),(246,69,132,0),(247,70,132,0),(248,71,132,0),(249,72,132,0),(250,73,132,0),(251,74,132,0),(252,75,132,0),(253,76,132,0),(254,77,132,0),(255,78,132,0),(256,79,132,0),(257,80,132,0),(258,81,132,0),(259,82,132,0),(260,83,132,0),(261,84,132,0),(262,85,132,0),(263,86,132,0),(264,87,132,0),(265,88,132,0),(266,89,132,0),(267,90,132,0),(268,91,132,0),(269,92,132,0),(270,93,132,0),(271,94,132,0),(272,95,132,0),(273,96,132,0),(274,97,132,0),(275,98,132,0),(276,99,132,0),(277,100,132,0),(278,101,132,0),(279,102,132,0),(280,103,132,0),(281,104,132,0),(282,105,132,0),(283,106,132,0),(284,107,132,0),(285,108,132,0),(286,109,132,0),(287,110,132,0),(288,111,132,0),(289,112,132,0),(290,113,132,0),(291,114,132,0),(292,115,132,0),(293,116,132,0),(294,117,132,0),(295,118,132,0),(296,119,132,0),(297,120,132,0),(298,121,132,0),(299,136,132,0),(300,137,132,0),(301,138,132,0),(302,139,132,0),(303,140,132,0),(304,141,132,0),(305,142,132,0),(306,143,132,0),(307,144,132,0),(308,145,132,0),(309,146,132,0),(310,147,132,0),(311,148,132,0),(312,149,132,0),(313,150,132,0),(314,151,132,0),(315,152,132,0),(316,153,132,0),(317,154,132,0),(318,155,132,0),(319,156,132,0),(320,157,132,0),(321,158,132,0),(322,159,132,0),(323,160,132,0),(324,161,132,0),(325,162,132,0),(326,163,132,0),(327,164,132,0),(328,165,132,0),(329,166,132,0),(330,167,132,0),(331,168,132,0),(332,169,132,0),(333,170,132,0),(334,171,132,0),(335,172,132,0),(336,173,132,0),(337,174,132,0),(338,175,132,0),(339,176,132,0),(340,177,132,0),(341,178,132,0),(342,179,132,0),(343,180,132,0),(344,181,132,0),(345,182,132,0),(346,183,132,0),(347,184,132,0),(348,185,132,0),(349,186,132,0),(350,187,132,0),(351,188,132,0),(352,189,132,0),(353,190,132,0),(354,191,132,0),(355,192,132,0),(356,193,132,0),(357,194,132,0),(358,195,132,0),(359,196,132,0),(360,197,132,0),(361,198,132,0),(362,199,132,0),(363,200,132,0),(364,201,132,0),(365,202,132,0),(366,203,132,0),(367,204,132,0),(368,205,132,0),(369,206,132,0),(370,207,132,0),(371,208,132,0),(372,209,132,0),(373,210,132,0),(374,211,132,0),(375,212,132,0),(376,213,132,0),(377,214,132,0),(378,215,132,0),(379,216,132,0),(380,217,132,0),(381,218,132,0),(382,219,132,0),(383,220,132,0),(384,221,132,0),(385,222,132,0),(386,223,132,0),(387,224,132,0),(388,225,132,0),(389,226,132,0),(390,227,132,0),(391,228,132,0),(392,229,132,0),(393,230,132,0),(394,231,132,0),(395,232,132,0),(396,233,132,0),(397,234,132,0),(398,235,132,0),(399,236,132,0),(400,237,132,0),(401,238,132,0),(402,239,132,0),(403,240,132,0),(404,241,132,0),(405,242,132,0),(406,243,132,0),(407,244,132,0),(408,245,132,0),(409,246,132,0),(410,247,132,0),(411,248,132,0),(412,249,132,0),(413,250,132,0),(414,251,132,0),(415,252,132,0),(416,253,132,0),(417,254,132,0),(418,255,132,0),(419,256,132,0),(420,257,132,0),(421,258,132,0),(422,259,132,0),(423,260,132,0),(424,261,132,0),(425,262,132,0),(426,263,132,0),(427,264,132,0),(428,265,132,0),(429,266,132,0),(430,267,132,0),(431,268,132,0),(432,269,132,0),(433,270,132,0),(434,271,132,0),(435,272,132,0),(436,273,132,0),(437,274,132,0),(438,275,132,0),(439,276,132,0),(440,277,132,0),(441,278,132,0),(442,279,132,0),(443,280,132,0),(444,281,132,0),(445,282,132,0),(446,283,132,0),(447,284,132,0),(448,285,132,0),(449,286,132,0),(450,287,132,0),(451,288,132,0),(452,289,132,0),(453,290,132,0),(454,291,132,0),(455,292,132,0),(456,293,132,0),(457,294,132,0),(458,295,132,0),(459,55,131,0),(460,56,131,0),(461,57,131,0),(462,58,131,0),(463,59,131,0),(464,60,131,0),(465,61,131,0),(466,62,131,0),(467,63,131,0),(468,64,131,0),(469,65,131,0),(470,66,131,0),(471,67,131,0),(472,68,131,0),(473,69,131,0),(474,70,131,0),(475,71,131,0),(476,72,131,0),(477,73,131,0),(478,74,131,0),(479,75,131,0),(480,76,131,0),(481,77,131,0),(482,78,131,0),(483,79,131,0),(484,80,131,0),(485,81,131,0),(486,82,131,0),(487,83,131,0),(488,84,131,0),(489,85,131,0),(490,86,131,0),(491,87,131,0),(492,88,131,0),(493,89,131,0),(494,90,131,0),(495,91,131,0),(496,92,131,0),(497,93,131,0),(498,94,131,0),(499,95,131,0),(500,96,131,0),(501,97,131,0),(502,98,131,0),(503,99,131,0),(504,100,131,0),(505,101,131,0),(506,102,131,0),(507,103,131,0),(508,104,131,0),(509,105,131,0),(510,106,131,0),(511,107,131,0),(512,108,131,0),(513,109,131,0),(514,110,131,0),(515,111,131,0),(516,112,131,0),(517,113,131,0),(518,114,131,0),(519,115,131,0),(520,116,131,0),(521,117,131,0),(522,118,131,0),(523,119,131,0),(524,120,131,0),(525,121,131,0),(526,136,131,0),(527,137,131,0),(528,138,131,0),(529,139,131,0),(530,140,131,0),(531,141,131,0),(532,142,131,0),(533,143,131,0),(534,144,131,0),(535,145,131,0),(536,146,131,0),(537,147,131,0),(538,148,131,0),(539,149,131,0),(540,150,131,0),(541,151,131,0),(542,152,131,0),(543,153,131,0),(544,154,131,0),(545,155,131,0),(546,156,131,0),(547,157,131,0),(548,158,131,0),(549,159,131,0),(550,160,131,0),(551,161,131,0),(552,162,131,0),(553,163,131,0),(554,164,131,0),(555,165,131,0),(556,166,131,0),(557,167,131,0),(558,168,131,0),(559,169,131,0),(560,170,131,0),(561,171,131,0),(562,172,131,0),(563,173,131,0),(564,174,131,0),(565,175,131,0),(566,176,131,0),(567,177,131,0),(568,178,131,0),(569,179,131,0),(570,180,131,0),(571,181,131,0),(572,182,131,0),(573,183,131,0),(574,184,131,0),(575,185,131,0),(576,186,131,0),(577,187,131,0),(578,188,131,0),(579,189,131,0),(580,190,131,0),(581,191,131,0),(582,192,131,0),(583,193,131,0),(584,194,131,0),(585,195,131,0),(586,196,131,0),(587,197,131,0),(588,198,131,0),(589,199,131,0),(590,200,131,0),(591,201,131,0),(592,202,131,0),(593,203,131,0),(594,204,131,0),(595,205,131,0),(596,206,131,0),(597,207,131,0),(598,208,131,0),(599,209,131,0),(600,210,131,0),(601,211,131,0),(602,212,131,0),(603,213,131,0),(604,214,131,0),(605,215,131,0),(606,216,131,0),(607,217,131,0),(608,218,131,0),(609,219,131,0),(610,220,131,0),(611,221,131,0),(612,222,131,0),(613,223,131,0),(614,224,131,0),(615,225,131,0),(616,226,131,0),(617,227,131,0),(618,228,131,0),(619,229,131,0),(620,230,131,0),(621,231,131,0),(622,232,131,0),(623,233,131,0),(624,234,131,0),(625,235,131,0),(626,236,131,0),(627,237,131,0),(628,238,131,0),(629,239,131,0),(630,240,131,0),(631,241,131,0),(632,242,131,0),(633,243,131,0),(634,244,131,0),(635,245,131,0),(636,246,131,0),(637,247,131,0),(638,248,131,0),(639,249,131,0),(640,250,131,0),(641,251,131,0),(642,252,131,0),(643,253,131,0),(644,254,131,0),(645,255,131,0),(646,256,131,0),(647,257,131,0),(648,258,131,0),(649,259,131,0),(650,260,131,0),(651,261,131,0),(652,262,131,0),(653,263,131,0),(654,264,131,0),(655,265,131,0),(656,266,131,0),(657,267,131,0),(658,268,131,0),(659,269,131,0),(660,270,131,0),(661,271,131,0),(662,272,131,0),(663,273,131,0),(664,274,131,0),(665,275,131,0),(666,276,131,0),(667,277,131,0),(668,278,131,0),(669,279,131,0),(670,280,131,0),(671,281,131,0),(672,282,131,0),(673,283,131,0),(674,284,131,0),(675,285,131,0),(676,286,131,0),(677,287,131,0),(678,289,131,0),(679,290,131,0),(680,291,131,0),(681,293,131,0),(682,294,131,0),(683,295,131,0),(684,235,135,14),(685,237,135,15),(686,238,135,20),(687,241,135,12),(688,242,135,1),(689,274,135,18),(690,271,135,12),(691,272,135,11),(692,273,135,8),(693,270,135,16),(694,260,135,21),(695,261,135,9),(696,262,135,20),(697,263,135,3),(698,265,135,4),(699,264,135,8),(700,275,135,5),(701,280,135,10),(702,285,135,22),(703,287,135,20),(704,284,135,10),(705,288,135,21),(706,290,135,17),(707,291,135,1),(708,292,135,31),(709,293,135,28),(710,289,135,20),(711,294,135,23);
/*!40000 ALTER TABLE `variations_stock` ENABLE KEYS */;
UNLOCK TABLES;

--
-- Table structure for table `wikis`
--

DROP TABLE IF EXISTS `wikis`;
/*!40101 SET @saved_cs_client     = @@character_set_client */;
/*!40101 SET character_set_client = utf8 */;
CREATE TABLE `wikis` (
  `id` int(10) unsigned NOT NULL AUTO_INCREMENT,
  `type` tinyint(4) NOT NULL,
  `title` varchar(255) COLLATE utf8_unicode_ci NOT NULL,
  `link` varchar(255) COLLATE utf8_unicode_ci NOT NULL,
  `file` varchar(255) COLLATE utf8_unicode_ci DEFAULT NULL,
  PRIMARY KEY (`id`)
) ENGINE=InnoDB AUTO_INCREMENT=23 DEFAULT CHARSET=utf8 COLLATE=utf8_unicode_ci;
/*!40101 SET character_set_client = @saved_cs_client */;

--
-- Dumping data for table `wikis`
--

LOCK TABLES `wikis` WRITE;
/*!40000 ALTER TABLE `wikis` DISABLE KEYS */;
INSERT INTO `wikis` VALUES (10,1,'push up drama ','https://www.youtube.com/watch?v=RUv5AzqGwr4',NULL),(11,1,'Tutorial lips','https://www.youtube.com/watch?v=_c4sgOoVrq0',NULL),(12,1,'Tutorial eyebows','https://www.youtube.com/watch?v=cTLMeIX6t90',NULL),(13,1,'Tutorial colossal kajal extra black','https://www.youtube.com/watch?v=WUzx_QktuNI',NULL),(14,1,'La Vie en Rose ','www.youtube.com/watch?v=gIto67eGD9Y',NULL),(17,1,'Tutorial Smokey eyes','www.youtube.com/watch?v=XGJetjOO3dw',NULL),(22,2,'Get the looks OAP','','http://192.241.234.75/uploads/57d02c3b14e18.pdf');
/*!40000 ALTER TABLE `wikis` ENABLE KEYS */;
UNLOCK TABLES;
/*!40103 SET TIME_ZONE=@OLD_TIME_ZONE */;

/*!40101 SET SQL_MODE=@OLD_SQL_MODE */;
/*!40014 SET FOREIGN_KEY_CHECKS=@OLD_FOREIGN_KEY_CHECKS */;
/*!40014 SET UNIQUE_CHECKS=@OLD_UNIQUE_CHECKS */;
/*!40101 SET CHARACTER_SET_CLIENT=@OLD_CHARACTER_SET_CLIENT */;
/*!40101 SET CHARACTER_SET_RESULTS=@OLD_CHARACTER_SET_RESULTS */;
/*!40101 SET COLLATION_CONNECTION=@OLD_COLLATION_CONNECTION */;
/*!40111 SET SQL_NOTES=@OLD_SQL_NOTES */;

-- Dump completed on 2016-09-21 10:32:14
